adult_juv,cohort,region,category,subcat1,subcat2,offenders,reoffenders,reoffences
Adult,Apr 2008 to Mar 2009,East Midlands,Age total,18 to 20,-,9105,3110,9049
Adult,Apr 2008 to Mar 2009,East Midlands,Age total,21 to 24,-,9470,2953,8947
Adult,Apr 2008 to Mar 2009,East Midlands,Age total,25 to 29,-,9011,2868,9655
Adult,Apr 2008 to Mar 2009,East Midlands,Age total,30 to 34,-,6334,1965,6470
Adult,Apr 2008 to Mar 2009,East Midlands,Age total,35 to 39,-,5574,1423,4333
Adult,Apr 2008 to Mar 2009,East Midlands,Age total,40 to 44,-,4459,981,2910
Adult,Apr 2008 to Mar 2009,East Midlands,Age total,45 to 49,-,2931,565,1646
Adult,Apr 2008 to Mar 2009,East Midlands,Age total,50+,-,3591,421,1219
Juvenile,Apr 2008 to Mar 2009,East Midlands,Age total,10 to 14,-,3927,1313,3901
Juvenile,Apr 2008 to Mar 2009,East Midlands,Age total,15 to 17,-,8258,2986,9421
Adult,Apr 2008 to Mar 2009,East of England,Age total,18 to 20,-,10733,3630,10442
Adult,Apr 2008 to Mar 2009,East of England,Age total,21 to 24,-,10674,3230,9846
Adult,Apr 2008 to Mar 2009,East of England,Age total,25 to 29,-,9958,2979,9793
Adult,Apr 2008 to Mar 2009,East of England,Age total,30 to 34,-,7353,2367,8329
Adult,Apr 2008 to Mar 2009,East of England,Age total,35 to 39,-,6756,1847,5922
Adult,Apr 2008 to Mar 2009,East of England,Age total,40 to 44,-,5850,1431,4557
Adult,Apr 2008 to Mar 2009,East of England,Age total,45 to 49,-,3780,760,2352
Adult,Apr 2008 to Mar 2009,East of England,Age total,50+,-,4925,639,2458
Juvenile,Apr 2008 to Mar 2009,East of England,Age total,10 to 14,-,5738,1738,4723
Juvenile,Apr 2008 to Mar 2009,East of England,Age total,15 to 17,-,11212,4111,12167
Adult,Apr 2008 to Mar 2009,London,Age total,18 to 20,-,15452,5460,14687
Adult,Apr 2008 to Mar 2009,London,Age total,21 to 24,-,18543,5744,16647
Adult,Apr 2008 to Mar 2009,London,Age total,25 to 29,-,19573,5829,18238
Adult,Apr 2008 to Mar 2009,London,Age total,30 to 34,-,14954,4366,14685
Adult,Apr 2008 to Mar 2009,London,Age total,35 to 39,-,12656,3746,12171
Adult,Apr 2008 to Mar 2009,London,Age total,40 to 44,-,10731,3100,10120
Adult,Apr 2008 to Mar 2009,London,Age total,45 to 49,-,6949,1769,6251
Adult,Apr 2008 to Mar 2009,London,Age total,50+,-,7173,1422,5263
Juvenile,Apr 2008 to Mar 2009,London,Age total,10 to 14,-,5573,1970,5528
Juvenile,Apr 2008 to Mar 2009,London,Age total,15 to 17,-,15371,6250,17207
Adult,Apr 2008 to Mar 2009,North East,Age total,18 to 20,-,7939,3458,12427
Adult,Apr 2008 to Mar 2009,North East,Age total,21 to 24,-,8638,3446,12553
Adult,Apr 2008 to Mar 2009,North East,Age total,25 to 29,-,8246,3334,13167
Adult,Apr 2008 to Mar 2009,North East,Age total,30 to 34,-,5550,2183,8601
Adult,Apr 2008 to Mar 2009,North East,Age total,35 to 39,-,4780,1530,5464
Adult,Apr 2008 to Mar 2009,North East,Age total,40 to 44,-,3639,986,3234
Adult,Apr 2008 to Mar 2009,North East,Age total,45 to 49,-,2260,462,1359
Adult,Apr 2008 to Mar 2009,North East,Age total,50+,-,2843,457,1591
Juvenile,Apr 2008 to Mar 2009,North East,Age total,10 to 14,-,4407,1487,4180
Juvenile,Apr 2008 to Mar 2009,North East,Age total,15 to 17,-,7792,3322,11978
Adult,Apr 2008 to Mar 2009,North West,Age total,18 to 20,-,16532,6169,19462
Adult,Apr 2008 to Mar 2009,North West,Age total,21 to 24,-,17775,5900,17570
Adult,Apr 2008 to Mar 2009,North West,Age total,25 to 29,-,16171,5246,17702
Adult,Apr 2008 to Mar 2009,North West,Age total,30 to 34,-,12210,4254,15647
Adult,Apr 2008 to Mar 2009,North West,Age total,35 to 39,-,11782,3884,14332
Adult,Apr 2008 to Mar 2009,North West,Age total,40 to 44,-,9006,2468,8792
Adult,Apr 2008 to Mar 2009,North West,Age total,45 to 49,-,5737,1337,5183
Adult,Apr 2008 to Mar 2009,North West,Age total,50+,-,6300,925,3360
Juvenile,Apr 2008 to Mar 2009,North West,Age total,10 to 14,-,7399,2799,9240
Juvenile,Apr 2008 to Mar 2009,North West,Age total,15 to 17,-,16125,6915,22828
Adult,Apr 2008 to Mar 2009,South East,Age total,18 to 20,-,15893,5450,16572
Adult,Apr 2008 to Mar 2009,South East,Age total,21 to 24,-,15428,4551,14305
Adult,Apr 2008 to Mar 2009,South East,Age total,25 to 29,-,13994,4149,13967
Adult,Apr 2008 to Mar 2009,South East,Age total,30 to 34,-,10142,3110,10890
Adult,Apr 2008 to Mar 2009,South East,Age total,35 to 39,-,9198,2445,8313
Adult,Apr 2008 to Mar 2009,South East,Age total,40 to 44,-,7873,1849,5915
Adult,Apr 2008 to Mar 2009,South East,Age total,45 to 49,-,5247,1006,3144
Adult,Apr 2008 to Mar 2009,South East,Age total,50+,-,6952,941,3511
Juvenile,Apr 2008 to Mar 2009,South East,Age total,10 to 14,-,7717,2628,7589
Juvenile,Apr 2008 to Mar 2009,South East,Age total,15 to 17,-,16023,6045,18610
Adult,Apr 2008 to Mar 2009,South West,Age total,18 to 20,-,9937,3414,10500
Adult,Apr 2008 to Mar 2009,South West,Age total,21 to 24,-,9246,2860,9342
Adult,Apr 2008 to Mar 2009,South West,Age total,25 to 29,-,8733,2829,9808
Adult,Apr 2008 to Mar 2009,South West,Age total,30 to 34,-,6266,2058,7492
Adult,Apr 2008 to Mar 2009,South West,Age total,35 to 39,-,5833,1740,5593
Adult,Apr 2008 to Mar 2009,South West,Age total,40 to 44,-,5086,1314,4440
Adult,Apr 2008 to Mar 2009,South West,Age total,45 to 49,-,3442,739,2503
Adult,Apr 2008 to Mar 2009,South West,Age total,50+,-,4392,582,2324
Juvenile,Apr 2008 to Mar 2009,South West,Age total,10 to 14,-,4165,1395,4153
Juvenile,Apr 2008 to Mar 2009,South West,Age total,15 to 17,-,9095,3413,10519
Adult,Apr 2008 to Mar 2009,West Midlands,Age total,18 to 20,-,12985,4464,12812
Adult,Apr 2008 to Mar 2009,West Midlands,Age total,21 to 24,-,13962,4475,13246
Adult,Apr 2008 to Mar 2009,West Midlands,Age total,25 to 29,-,13412,4400,14113
Adult,Apr 2008 to Mar 2009,West Midlands,Age total,30 to 34,-,9376,2978,9231
Adult,Apr 2008 to Mar 2009,West Midlands,Age total,35 to 39,-,8017,2108,6423
Adult,Apr 2008 to Mar 2009,West Midlands,Age total,40 to 44,-,6177,1382,4226
Adult,Apr 2008 to Mar 2009,West Midlands,Age total,45 to 49,-,3912,763,2418
Adult,Apr 2008 to Mar 2009,West Midlands,Age total,50+,-,5118,616,1958
Juvenile,Apr 2008 to Mar 2009,West Midlands,Age total,10 to 14,-,5139,1609,4351
Juvenile,Apr 2008 to Mar 2009,West Midlands,Age total,15 to 17,-,10795,3982,11902
Adult,Apr 2008 to Mar 2009,Yorkshire and The Humber,Age total,18 to 20,-,12040,4420,13284
Adult,Apr 2008 to Mar 2009,Yorkshire and The Humber,Age total,21 to 24,-,12747,4279,13151
Adult,Apr 2008 to Mar 2009,Yorkshire and The Humber,Age total,25 to 29,-,12198,4393,15039
Adult,Apr 2008 to Mar 2009,Yorkshire and The Humber,Age total,30 to 34,-,8822,3052,10417
Adult,Apr 2008 to Mar 2009,Yorkshire and The Humber,Age total,35 to 39,-,7769,2280,7248
Adult,Apr 2008 to Mar 2009,Yorkshire and The Humber,Age total,40 to 44,-,5846,1417,4832
Adult,Apr 2008 to Mar 2009,Yorkshire and The Humber,Age total,45 to 49,-,3713,795,2506
Adult,Apr 2008 to Mar 2009,Yorkshire and The Humber,Age total,50+,-,4349,650,2593
Juvenile,Apr 2008 to Mar 2009,Yorkshire and The Humber,Age total,10 to 14,-,6474,2335,6846
Juvenile,Apr 2008 to Mar 2009,Yorkshire and The Humber,Age total,15 to 17,-,11926,4701,14656
Adult,Apr 2009 to Mar 2010,East Midlands,Age total,18 to 20,-,8126,2786,8094
Adult,Apr 2009 to Mar 2010,East Midlands,Age total,21 to 24,-,9119,2783,7856
Adult,Apr 2009 to Mar 2010,East Midlands,Age total,25 to 29,-,8404,2599,8352
Adult,Apr 2009 to Mar 2010,East Midlands,Age total,30 to 34,-,5951,1858,6131
Adult,Apr 2009 to Mar 2010,East Midlands,Age total,35 to 39,-,5202,1406,4333
Adult,Apr 2009 to Mar 2010,East Midlands,Age total,40 to 44,-,4303,976,3219
Adult,Apr 2009 to Mar 2010,East Midlands,Age total,45 to 49,-,2967,571,1921
Adult,Apr 2009 to Mar 2010,East Midlands,Age total,50+,-,3587,450,1417
Juvenile,Apr 2009 to Mar 2010,East Midlands,Age total,10 to 14,-,2914,986,3026
Juvenile,Apr 2009 to Mar 2010,East Midlands,Age total,15 to 17,-,7043,2649,7807
Adult,Apr 2009 to Mar 2010,East of England,Age total,18 to 20,-,10415,3473,10155
Adult,Apr 2009 to Mar 2010,East of England,Age total,21 to 24,-,10879,3209,9972
Adult,Apr 2009 to Mar 2010,East of England,Age total,25 to 29,-,10070,2995,9919
Adult,Apr 2009 to Mar 2010,East of England,Age total,30 to 34,-,7395,2160,7413
Adult,Apr 2009 to Mar 2010,East of England,Age total,35 to 39,-,6776,1783,5955
Adult,Apr 2009 to Mar 2010,East of England,Age total,40 to 44,-,5917,1384,4564
Adult,Apr 2009 to Mar 2010,East of England,Age total,45 to 49,-,4107,832,2913
Adult,Apr 2009 to Mar 2010,East of England,Age total,50+,-,5378,714,2761
Juvenile,Apr 2009 to Mar 2010,East of England,Age total,10 to 14,-,4762,1423,3642
Juvenile,Apr 2009 to Mar 2010,East of England,Age total,15 to 17,-,9864,3503,10212
Adult,Apr 2009 to Mar 2010,London,Age total,18 to 20,-,15832,5740,15441
Adult,Apr 2009 to Mar 2010,London,Age total,21 to 24,-,18924,5879,16055
Adult,Apr 2009 to Mar 2010,London,Age total,25 to 29,-,19744,5796,17753
Adult,Apr 2009 to Mar 2010,London,Age total,30 to 34,-,14868,4289,13788
Adult,Apr 2009 to Mar 2010,London,Age total,35 to 39,-,12337,3421,10814
Adult,Apr 2009 to Mar 2010,London,Age total,40 to 44,-,10509,2925,9319
Adult,Apr 2009 to Mar 2010,London,Age total,45 to 49,-,7407,1848,6253
Adult,Apr 2009 to Mar 2010,London,Age total,50+,-,7727,1516,5457
Juvenile,Apr 2009 to Mar 2010,London,Age total,10 to 14,-,4260,1548,4740
Juvenile,Apr 2009 to Mar 2010,London,Age total,15 to 17,-,13756,5773,16433
Adult,Apr 2009 to Mar 2010,North East,Age total,18 to 20,-,7335,3155,11120
Adult,Apr 2009 to Mar 2010,North East,Age total,21 to 24,-,8422,3414,11534
Adult,Apr 2009 to Mar 2010,North East,Age total,25 to 29,-,7803,3094,11699
Adult,Apr 2009 to Mar 2010,North East,Age total,30 to 34,-,5443,2157,8375
Adult,Apr 2009 to Mar 2010,North East,Age total,35 to 39,-,4384,1428,4990
Adult,Apr 2009 to Mar 2010,North East,Age total,40 to 44,-,3361,916,2956
Adult,Apr 2009 to Mar 2010,North East,Age total,45 to 49,-,2219,476,1410
Adult,Apr 2009 to Mar 2010,North East,Age total,50+,-,2907,454,1823
Juvenile,Apr 2009 to Mar 2010,North East,Age total,10 to 14,-,2917,1023,3091
Juvenile,Apr 2009 to Mar 2010,North East,Age total,15 to 17,-,6253,2910,9877
Adult,Apr 2009 to Mar 2010,North West,Age total,18 to 20,-,15417,5764,17553
Adult,Apr 2009 to Mar 2010,North West,Age total,21 to 24,-,17488,5885,17920
Adult,Apr 2009 to Mar 2010,North West,Age total,25 to 29,-,15756,5038,16055
Adult,Apr 2009 to Mar 2010,North West,Age total,30 to 34,-,11527,3751,12925
Adult,Apr 2009 to Mar 2010,North West,Age total,35 to 39,-,10766,3575,13119
Adult,Apr 2009 to Mar 2010,North West,Age total,40 to 44,-,8558,2325,7970
Adult,Apr 2009 to Mar 2010,North West,Age total,45 to 49,-,5730,1417,5392
Adult,Apr 2009 to Mar 2010,North West,Age total,50+,-,6597,1007,3725
Juvenile,Apr 2009 to Mar 2010,North West,Age total,10 to 14,-,5432,2200,7409
Juvenile,Apr 2009 to Mar 2010,North West,Age total,15 to 17,-,14014,6029,20014
Adult,Apr 2009 to Mar 2010,South East,Age total,18 to 20,-,14895,5116,15836
Adult,Apr 2009 to Mar 2010,South East,Age total,21 to 24,-,15178,4582,13730
Adult,Apr 2009 to Mar 2010,South East,Age total,25 to 29,-,13599,3918,12946
Adult,Apr 2009 to Mar 2010,South East,Age total,30 to 34,-,9924,2936,10227
Adult,Apr 2009 to Mar 2010,South East,Age total,35 to 39,-,8613,2274,7548
Adult,Apr 2009 to Mar 2010,South East,Age total,40 to 44,-,7612,1744,5730
Adult,Apr 2009 to Mar 2010,South East,Age total,45 to 49,-,5549,1092,3341
Adult,Apr 2009 to Mar 2010,South East,Age total,50+,-,7131,969,3293
Juvenile,Apr 2009 to Mar 2010,South East,Age total,10 to 14,-,6275,1979,6017
Juvenile,Apr 2009 to Mar 2010,South East,Age total,15 to 17,-,14033,5260,16893
Adult,Apr 2009 to Mar 2010,South West,Age total,18 to 20,-,8949,3004,8846
Adult,Apr 2009 to Mar 2010,South West,Age total,21 to 24,-,9014,2619,8189
Adult,Apr 2009 to Mar 2010,South West,Age total,25 to 29,-,8094,2482,8258
Adult,Apr 2009 to Mar 2010,South West,Age total,30 to 34,-,6075,1919,6732
Adult,Apr 2009 to Mar 2010,South West,Age total,35 to 39,-,5551,1562,4994
Adult,Apr 2009 to Mar 2010,South West,Age total,40 to 44,-,4853,1167,3895
Adult,Apr 2009 to Mar 2010,South West,Age total,45 to 49,-,3397,744,2443
Adult,Apr 2009 to Mar 2010,South West,Age total,50+,-,4400,637,2378
Juvenile,Apr 2009 to Mar 2010,South West,Age total,10 to 14,-,2950,1071,3112
Juvenile,Apr 2009 to Mar 2010,South West,Age total,15 to 17,-,7562,2958,9399
Adult,Apr 2009 to Mar 2010,West Midlands,Age total,18 to 20,-,10980,3612,10045
Adult,Apr 2009 to Mar 2010,West Midlands,Age total,21 to 24,-,12244,3638,10676
Adult,Apr 2009 to Mar 2010,West Midlands,Age total,25 to 29,-,11845,3582,11080
Adult,Apr 2009 to Mar 2010,West Midlands,Age total,30 to 34,-,7943,2290,7146
Adult,Apr 2009 to Mar 2010,West Midlands,Age total,35 to 39,-,7014,1837,5850
Adult,Apr 2009 to Mar 2010,West Midlands,Age total,40 to 44,-,5509,1200,3214
Adult,Apr 2009 to Mar 2010,West Midlands,Age total,45 to 49,-,3858,758,2504
Adult,Apr 2009 to Mar 2010,West Midlands,Age total,50+,-,4624,562,1698
Juvenile,Apr 2009 to Mar 2010,West Midlands,Age total,10 to 14,-,3082,970,2728
Juvenile,Apr 2009 to Mar 2010,West Midlands,Age total,15 to 17,-,8344,3026,8592
Adult,Apr 2009 to Mar 2010,Yorkshire and The Humber,Age total,18 to 20,-,11621,4105,11515
Adult,Apr 2009 to Mar 2010,Yorkshire and The Humber,Age total,21 to 24,-,12728,4047,11438
Adult,Apr 2009 to Mar 2010,Yorkshire and The Humber,Age total,25 to 29,-,11973,3952,12568
Adult,Apr 2009 to Mar 2010,Yorkshire and The Humber,Age total,30 to 34,-,8428,2765,9031
Adult,Apr 2009 to Mar 2010,Yorkshire and The Humber,Age total,35 to 39,-,7401,2119,6548
Adult,Apr 2009 to Mar 2010,Yorkshire and The Humber,Age total,40 to 44,-,5652,1390,4416
Adult,Apr 2009 to Mar 2010,Yorkshire and The Humber,Age total,45 to 49,-,3800,813,2654
Adult,Apr 2009 to Mar 2010,Yorkshire and The Humber,Age total,50+,-,4634,697,2743
Juvenile,Apr 2009 to Mar 2010,Yorkshire and The Humber,Age total,10 to 14,-,4692,1636,5284
Juvenile,Apr 2009 to Mar 2010,Yorkshire and The Humber,Age total,15 to 17,-,9965,4081,13088
Adult,Apr 2010 to Mar 2011,East Midlands,Age total,18 to 20,-,7898,2739,7812
Adult,Apr 2010 to Mar 2011,East Midlands,Age total,21 to 24,-,9094,2868,8321
Adult,Apr 2010 to Mar 2011,East Midlands,Age total,25 to 29,-,8528,2702,8719
Adult,Apr 2010 to Mar 2011,East Midlands,Age total,30 to 34,-,6223,1995,7210
Adult,Apr 2010 to Mar 2011,East Midlands,Age total,35 to 39,-,5263,1537,4953
Adult,Apr 2010 to Mar 2011,East Midlands,Age total,40 to 44,-,4226,1012,3203
Adult,Apr 2010 to Mar 2011,East Midlands,Age total,45 to 49,-,3074,620,2093
Adult,Apr 2010 to Mar 2011,East Midlands,Age total,50+,-,3915,506,1588
Juvenile,Apr 2010 to Mar 2011,East Midlands,Age total,10 to 14,-,2532,915,2879
Juvenile,Apr 2010 to Mar 2011,East Midlands,Age total,15 to 17,-,6418,2464,7315
Adult,Apr 2010 to Mar 2011,East of England,Age total,18 to 20,-,9411,3199,9315
Adult,Apr 2010 to Mar 2011,East of England,Age total,21 to 24,-,10542,3292,10560
Adult,Apr 2010 to Mar 2011,East of England,Age total,25 to 29,-,9421,2832,10311
Adult,Apr 2010 to Mar 2011,East of England,Age total,30 to 34,-,7302,2177,8211
Adult,Apr 2010 to Mar 2011,East of England,Age total,35 to 39,-,6308,1744,6153
Adult,Apr 2010 to Mar 2011,East of England,Age total,40 to 44,-,5529,1336,4652
Adult,Apr 2010 to Mar 2011,East of England,Age total,45 to 49,-,4048,876,2855
Adult,Apr 2010 to Mar 2011,East of England,Age total,50+,-,5237,768,2825
Juvenile,Apr 2010 to Mar 2011,East of England,Age total,10 to 14,-,3108,994,2639
Juvenile,Apr 2010 to Mar 2011,East of England,Age total,15 to 17,-,8173,3068,9345
Adult,Apr 2010 to Mar 2011,London,Age total,18 to 20,-,14964,5461,14920
Adult,Apr 2010 to Mar 2011,London,Age total,21 to 24,-,18748,5869,16524
Adult,Apr 2010 to Mar 2011,London,Age total,25 to 29,-,19222,5581,16904
Adult,Apr 2010 to Mar 2011,London,Age total,30 to 34,-,14903,4358,15021
Adult,Apr 2010 to Mar 2011,London,Age total,35 to 39,-,11414,3290,11292
Adult,Apr 2010 to Mar 2011,London,Age total,40 to 44,-,10030,2664,8819
Adult,Apr 2010 to Mar 2011,London,Age total,45 to 49,-,7228,1820,6113
Adult,Apr 2010 to Mar 2011,London,Age total,50+,-,7939,1594,5764
Juvenile,Apr 2010 to Mar 2011,London,Age total,10 to 14,-,3140,1279,3779
Juvenile,Apr 2010 to Mar 2011,London,Age total,15 to 17,-,11895,5455,16077
Adult,Apr 2010 to Mar 2011,North East,Age total,18 to 20,-,7258,3107,10435
Adult,Apr 2010 to Mar 2011,North East,Age total,21 to 24,-,8369,3399,12046
Adult,Apr 2010 to Mar 2011,North East,Age total,25 to 29,-,7721,3084,11995
Adult,Apr 2010 to Mar 2011,North East,Age total,30 to 34,-,5614,2278,9410
Adult,Apr 2010 to Mar 2011,North East,Age total,35 to 39,-,4405,1540,5638
Adult,Apr 2010 to Mar 2011,North East,Age total,40 to 44,-,3439,978,3470
Adult,Apr 2010 to Mar 2011,North East,Age total,45 to 49,-,2320,483,1401
Adult,Apr 2010 to Mar 2011,North East,Age total,50+,-,2957,465,1811
Juvenile,Apr 2010 to Mar 2011,North East,Age total,10 to 14,-,1924,795,2588
Juvenile,Apr 2010 to Mar 2011,North East,Age total,15 to 17,-,4947,2335,8282
Adult,Apr 2010 to Mar 2011,North West,Age total,18 to 20,-,15184,5669,17195
Adult,Apr 2010 to Mar 2011,North West,Age total,21 to 24,-,17291,5811,17444
Adult,Apr 2010 to Mar 2011,North West,Age total,25 to 29,-,15982,5051,16623
Adult,Apr 2010 to Mar 2011,North West,Age total,30 to 34,-,11865,4002,14361
Adult,Apr 2010 to Mar 2011,North West,Age total,35 to 39,-,10769,3677,13452
Adult,Apr 2010 to Mar 2011,North West,Age total,40 to 44,-,9047,2667,8988
Adult,Apr 2010 to Mar 2011,North West,Age total,45 to 49,-,6298,1629,6024
Adult,Apr 2010 to Mar 2011,North West,Age total,50+,-,7048,1106,4169
Juvenile,Apr 2010 to Mar 2011,North West,Age total,10 to 14,-,4037,1675,6003
Juvenile,Apr 2010 to Mar 2011,North West,Age total,15 to 17,-,11586,5296,17999
Adult,Apr 2010 to Mar 2011,South East,Age total,18 to 20,-,14274,4963,15860
Adult,Apr 2010 to Mar 2011,South East,Age total,21 to 24,-,14999,4583,14058
Adult,Apr 2010 to Mar 2011,South East,Age total,25 to 29,-,13384,4023,14200
Adult,Apr 2010 to Mar 2011,South East,Age total,30 to 34,-,9940,2986,10762
Adult,Apr 2010 to Mar 2011,South East,Age total,35 to 39,-,8399,2255,7803
Adult,Apr 2010 to Mar 2011,South East,Age total,40 to 44,-,7573,1797,5867
Adult,Apr 2010 to Mar 2011,South East,Age total,45 to 49,-,5615,1197,3697
Adult,Apr 2010 to Mar 2011,South East,Age total,50+,-,7368,1026,3892
Juvenile,Apr 2010 to Mar 2011,South East,Age total,10 to 14,-,4261,1507,4876
Juvenile,Apr 2010 to Mar 2011,South East,Age total,15 to 17,-,11234,4476,15659
Adult,Apr 2010 to Mar 2011,South West,Age total,18 to 20,-,8253,2868,8348
Adult,Apr 2010 to Mar 2011,South West,Age total,21 to 24,-,8801,2657,8061
Adult,Apr 2010 to Mar 2011,South West,Age total,25 to 29,-,7775,2336,8167
Adult,Apr 2010 to Mar 2011,South West,Age total,30 to 34,-,5870,1955,7538
Adult,Apr 2010 to Mar 2011,South West,Age total,35 to 39,-,5194,1560,5107
Adult,Apr 2010 to Mar 2011,South West,Age total,40 to 44,-,4746,1219,4612
Adult,Apr 2010 to Mar 2011,South West,Age total,45 to 49,-,3548,801,2748
Adult,Apr 2010 to Mar 2011,South West,Age total,50+,-,4440,638,2508
Juvenile,Apr 2010 to Mar 2011,South West,Age total,10 to 14,-,2289,878,2660
Juvenile,Apr 2010 to Mar 2011,South West,Age total,15 to 17,-,6722,2654,7977
Adult,Apr 2010 to Mar 2011,West Midlands,Age total,18 to 20,-,9529,3204,9248
Adult,Apr 2010 to Mar 2011,West Midlands,Age total,21 to 24,-,11210,3405,10211
Adult,Apr 2010 to Mar 2011,West Midlands,Age total,25 to 29,-,10649,3210,10510
Adult,Apr 2010 to Mar 2011,West Midlands,Age total,30 to 34,-,7570,2342,7889
Adult,Apr 2010 to Mar 2011,West Midlands,Age total,35 to 39,-,6158,1691,5649
Adult,Apr 2010 to Mar 2011,West Midlands,Age total,40 to 44,-,5115,1129,3286
Adult,Apr 2010 to Mar 2011,West Midlands,Age total,45 to 49,-,3489,628,2074
Adult,Apr 2010 to Mar 2011,West Midlands,Age total,50+,-,4381,504,1694
Juvenile,Apr 2010 to Mar 2011,West Midlands,Age total,10 to 14,-,2046,680,1903
Juvenile,Apr 2010 to Mar 2011,West Midlands,Age total,15 to 17,-,6517,2518,7282
Adult,Apr 2010 to Mar 2011,Yorkshire and The Humber,Age total,18 to 20,-,10579,3832,10684
Adult,Apr 2010 to Mar 2011,Yorkshire and The Humber,Age total,21 to 24,-,12071,3864,10904
Adult,Apr 2010 to Mar 2011,Yorkshire and The Humber,Age total,25 to 29,-,11212,3713,12648
Adult,Apr 2010 to Mar 2011,Yorkshire and The Humber,Age total,30 to 34,-,8397,2903,10185
Adult,Apr 2010 to Mar 2011,Yorkshire and The Humber,Age total,35 to 39,-,6998,2179,7380
Adult,Apr 2010 to Mar 2011,Yorkshire and The Humber,Age total,40 to 44,-,5729,1484,5083
Adult,Apr 2010 to Mar 2011,Yorkshire and The Humber,Age total,45 to 49,-,3803,832,2701
Adult,Apr 2010 to Mar 2011,Yorkshire and The Humber,Age total,50+,-,4524,697,2409
Juvenile,Apr 2010 to Mar 2011,Yorkshire and The Humber,Age total,10 to 14,-,2837,1178,3834
Juvenile,Apr 2010 to Mar 2011,Yorkshire and The Humber,Age total,15 to 17,-,7881,3346,10992
Adult,Apr 2011 to Mar 2012,East Midlands,Age total,18 to 20,-,7201,2369,6737
Adult,Apr 2011 to Mar 2012,East Midlands,Age total,21 to 24,-,8895,2611,7503
Adult,Apr 2011 to Mar 2012,East Midlands,Age total,25 to 29,-,8399,2686,8536
Adult,Apr 2011 to Mar 2012,East Midlands,Age total,30 to 34,-,6458,2082,7352
Adult,Apr 2011 to Mar 2012,East Midlands,Age total,35 to 39,-,5021,1499,5286
Adult,Apr 2011 to Mar 2012,East Midlands,Age total,40 to 44,-,4260,1074,3783
Adult,Apr 2011 to Mar 2012,East Midlands,Age total,45 to 49,-,3105,634,2058
Adult,Apr 2011 to Mar 2012,East Midlands,Age total,50+,-,3962,540,1735
Juvenile,Apr 2011 to Mar 2012,East Midlands,Age total,10 to 14,-,2127,739,2248
Juvenile,Apr 2011 to Mar 2012,East Midlands,Age total,15 to 17,-,5231,1900,5553
Adult,Apr 2011 to Mar 2012,East of England,Age total,18 to 20,-,8513,2846,8122
Adult,Apr 2011 to Mar 2012,East of England,Age total,21 to 24,-,10427,3236,9729
Adult,Apr 2011 to Mar 2012,East of England,Age total,25 to 29,-,9407,2898,10457
Adult,Apr 2011 to Mar 2012,East of England,Age total,30 to 34,-,7245,2214,8186
Adult,Apr 2011 to Mar 2012,East of England,Age total,35 to 39,-,5941,1674,5859
Adult,Apr 2011 to Mar 2012,East of England,Age total,40 to 44,-,5438,1412,4631
Adult,Apr 2011 to Mar 2012,East of England,Age total,45 to 49,-,4096,921,2975
Adult,Apr 2011 to Mar 2012,East of England,Age total,50+,-,5371,802,3125
Juvenile,Apr 2011 to Mar 2012,East of England,Age total,10 to 14,-,2266,757,2237
Juvenile,Apr 2011 to Mar 2012,East of England,Age total,15 to 17,-,6584,2364,6830
Adult,Apr 2011 to Mar 2012,London,Age total,18 to 20,-,13733,4861,12508
Adult,Apr 2011 to Mar 2012,London,Age total,21 to 24,-,18222,5671,15283
Adult,Apr 2011 to Mar 2012,London,Age total,25 to 29,-,18447,5385,15906
Adult,Apr 2011 to Mar 2012,London,Age total,30 to 34,-,14320,4132,13843
Adult,Apr 2011 to Mar 2012,London,Age total,35 to 39,-,10611,3124,10559
Adult,Apr 2011 to Mar 2012,London,Age total,40 to 44,-,9167,2542,8815
Adult,Apr 2011 to Mar 2012,London,Age total,45 to 49,-,6907,1755,6128
Adult,Apr 2011 to Mar 2012,London,Age total,50+,-,7797,1536,5832
Juvenile,Apr 2011 to Mar 2012,London,Age total,10 to 14,-,2542,1094,3295
Juvenile,Apr 2011 to Mar 2012,London,Age total,15 to 17,-,10226,4530,12568
Adult,Apr 2011 to Mar 2012,North East,Age total,18 to 20,-,6379,2619,8895
Adult,Apr 2011 to Mar 2012,North East,Age total,21 to 24,-,7718,2972,10308
Adult,Apr 2011 to Mar 2012,North East,Age total,25 to 29,-,7533,3056,12238
Adult,Apr 2011 to Mar 2012,North East,Age total,30 to 34,-,5785,2382,10431
Adult,Apr 2011 to Mar 2012,North East,Age total,35 to 39,-,4131,1549,5985
Adult,Apr 2011 to Mar 2012,North East,Age total,40 to 44,-,3442,1046,3976
Adult,Apr 2011 to Mar 2012,North East,Age total,45 to 49,-,2323,555,1682
Adult,Apr 2011 to Mar 2012,North East,Age total,50+,-,2951,516,2033
Juvenile,Apr 2011 to Mar 2012,North East,Age total,10 to 14,-,1627,625,2067
Juvenile,Apr 2011 to Mar 2012,North East,Age total,15 to 17,-,4283,1959,6483
Adult,Apr 2011 to Mar 2012,North West,Age total,18 to 20,-,13377,5042,15648
Adult,Apr 2011 to Mar 2012,North West,Age total,21 to 24,-,17213,5844,17533
Adult,Apr 2011 to Mar 2012,North West,Age total,25 to 29,-,15930,5148,16822
Adult,Apr 2011 to Mar 2012,North West,Age total,30 to 34,-,11726,3882,14027
Adult,Apr 2011 to Mar 2012,North West,Age total,35 to 39,-,10004,3466,12629
Adult,Apr 2011 to Mar 2012,North West,Age total,40 to 44,-,8736,2657,9880
Adult,Apr 2011 to Mar 2012,North West,Age total,45 to 49,-,6257,1693,6261
Adult,Apr 2011 to Mar 2012,North West,Age total,50+,-,7087,1176,4600
Juvenile,Apr 2011 to Mar 2012,North West,Age total,10 to 14,-,2940,1307,4828
Juvenile,Apr 2011 to Mar 2012,North West,Age total,15 to 17,-,9256,4124,13616
Adult,Apr 2011 to Mar 2012,South East,Age total,18 to 20,-,12878,4386,14156
Adult,Apr 2011 to Mar 2012,South East,Age total,21 to 24,-,14368,4316,13866
Adult,Apr 2011 to Mar 2012,South East,Age total,25 to 29,-,13060,3896,13918
Adult,Apr 2011 to Mar 2012,South East,Age total,30 to 34,-,9784,2975,11150
Adult,Apr 2011 to Mar 2012,South East,Age total,35 to 39,-,7926,2267,8167
Adult,Apr 2011 to Mar 2012,South East,Age total,40 to 44,-,7394,1820,6367
Adult,Apr 2011 to Mar 2012,South East,Age total,45 to 49,-,5580,1212,4152
Adult,Apr 2011 to Mar 2012,South East,Age total,50+,-,7161,1038,3601
Juvenile,Apr 2011 to Mar 2012,South East,Age total,10 to 14,-,2863,1144,3974
Juvenile,Apr 2011 to Mar 2012,South East,Age total,15 to 17,-,8635,3467,11441
Adult,Apr 2011 to Mar 2012,South West,Age total,18 to 20,-,7256,2407,6863
Adult,Apr 2011 to Mar 2012,South West,Age total,21 to 24,-,8803,2650,8048
Adult,Apr 2011 to Mar 2012,South West,Age total,25 to 29,-,7705,2355,7904
Adult,Apr 2011 to Mar 2012,South West,Age total,30 to 34,-,6039,2028,7762
Adult,Apr 2011 to Mar 2012,South West,Age total,35 to 39,-,4972,1521,5160
Adult,Apr 2011 to Mar 2012,South West,Age total,40 to 44,-,4460,1156,4006
Adult,Apr 2011 to Mar 2012,South West,Age total,45 to 49,-,3558,860,3151
Adult,Apr 2011 to Mar 2012,South West,Age total,50+,-,4524,689,2794
Juvenile,Apr 2011 to Mar 2012,South West,Age total,10 to 14,-,1772,652,1934
Juvenile,Apr 2011 to Mar 2012,South West,Age total,15 to 17,-,5455,2047,6432
Adult,Apr 2011 to Mar 2012,West Midlands,Age total,18 to 20,-,8467,2900,8367
Adult,Apr 2011 to Mar 2012,West Midlands,Age total,21 to 24,-,10584,3202,9208
Adult,Apr 2011 to Mar 2012,West Midlands,Age total,25 to 29,-,10239,3097,10450
Adult,Apr 2011 to Mar 2012,West Midlands,Age total,30 to 34,-,7600,2398,8463
Adult,Apr 2011 to Mar 2012,West Midlands,Age total,35 to 39,-,5765,1613,5775
Adult,Apr 2011 to Mar 2012,West Midlands,Age total,40 to 44,-,4957,1151,3908
Adult,Apr 2011 to Mar 2012,West Midlands,Age total,45 to 49,-,3553,715,2274
Adult,Apr 2011 to Mar 2012,West Midlands,Age total,50+,-,4365,535,1755
Juvenile,Apr 2011 to Mar 2012,West Midlands,Age total,10 to 14,-,1550,590,1834
Juvenile,Apr 2011 to Mar 2012,West Midlands,Age total,15 to 17,-,5665,2189,6444
Adult,Apr 2011 to Mar 2012,Yorkshire and The Humber,Age total,18 to 20,-,9194,3147,9371
Adult,Apr 2011 to Mar 2012,Yorkshire and The Humber,Age total,21 to 24,-,11368,3667,10656
Adult,Apr 2011 to Mar 2012,Yorkshire and The Humber,Age total,25 to 29,-,10977,3673,13010
Adult,Apr 2011 to Mar 2012,Yorkshire and The Humber,Age total,30 to 34,-,8114,2798,10241
Adult,Apr 2011 to Mar 2012,Yorkshire and The Humber,Age total,35 to 39,-,6613,2180,7726
Adult,Apr 2011 to Mar 2012,Yorkshire and The Humber,Age total,40 to 44,-,5470,1530,5219
Adult,Apr 2011 to Mar 2012,Yorkshire and The Humber,Age total,45 to 49,-,3661,747,2497
Adult,Apr 2011 to Mar 2012,Yorkshire and The Humber,Age total,50+,-,4469,716,2490
Juvenile,Apr 2011 to Mar 2012,Yorkshire and The Humber,Age total,10 to 14,-,2091,808,2850
Juvenile,Apr 2011 to Mar 2012,Yorkshire and The Humber,Age total,15 to 17,-,6382,2585,8468
Adult,Apr 2012 to Mar 2013,East Midlands,Age total,18 to 20,-,5810,1817,5440
Adult,Apr 2012 to Mar 2013,East Midlands,Age total,21 to 24,-,7938,2334,6871
Adult,Apr 2012 to Mar 2013,East Midlands,Age total,25 to 29,-,7840,2448,8617
Adult,Apr 2012 to Mar 2013,East Midlands,Age total,30 to 34,-,6089,1981,7772
Adult,Apr 2012 to Mar 2013,East Midlands,Age total,35 to 39,-,4768,1404,5099
Adult,Apr 2012 to Mar 2013,East Midlands,Age total,40 to 44,-,4015,996,3774
Adult,Apr 2012 to Mar 2013,East Midlands,Age total,45 to 49,-,3078,629,2076
Adult,Apr 2012 to Mar 2013,East Midlands,Age total,50+,-,3990,553,1694
Juvenile,Apr 2012 to Mar 2013,East Midlands,Age total,10 to 14,-,1476,504,1635
Juvenile,Apr 2012 to Mar 2013,East Midlands,Age total,15 to 17,-,3968,1470,4594
Adult,Apr 2012 to Mar 2013,East of England,Age total,18 to 20,-,7144,2241,6672
Adult,Apr 2012 to Mar 2013,East of England,Age total,21 to 24,-,9289,2758,8491
Adult,Apr 2012 to Mar 2013,East of England,Age total,25 to 29,-,8984,2727,9643
Adult,Apr 2012 to Mar 2013,East of England,Age total,30 to 34,-,7016,2188,8407
Adult,Apr 2012 to Mar 2013,East of England,Age total,35 to 39,-,5516,1638,6169
Adult,Apr 2012 to Mar 2013,East of England,Age total,40 to 44,-,4953,1240,4496
Adult,Apr 2012 to Mar 2013,East of England,Age total,45 to 49,-,3802,859,3240
Adult,Apr 2012 to Mar 2013,East of England,Age total,50+,-,5188,795,3149
Juvenile,Apr 2012 to Mar 2013,East of England,Age total,10 to 14,-,1524,577,1780
Juvenile,Apr 2012 to Mar 2013,East of England,Age total,15 to 17,-,4817,1789,5070
Adult,Apr 2012 to Mar 2013,London,Age total,18 to 20,-,11806,4223,11088
Adult,Apr 2012 to Mar 2013,London,Age total,21 to 24,-,16443,5115,14159
Adult,Apr 2012 to Mar 2013,London,Age total,25 to 29,-,17011,4974,15442
Adult,Apr 2012 to Mar 2013,London,Age total,30 to 34,-,13513,4100,14858
Adult,Apr 2012 to Mar 2013,London,Age total,35 to 39,-,9985,2959,10846
Adult,Apr 2012 to Mar 2013,London,Age total,40 to 44,-,8464,2317,7987
Adult,Apr 2012 to Mar 2013,London,Age total,45 to 49,-,6560,1759,6340
Adult,Apr 2012 to Mar 2013,London,Age total,50+,-,7449,1564,5892
Juvenile,Apr 2012 to Mar 2013,London,Age total,10 to 14,-,1742,784,2472
Juvenile,Apr 2012 to Mar 2013,London,Age total,15 to 17,-,7669,3576,10567
Adult,Apr 2012 to Mar 2013,North East,Age total,18 to 20,-,4865,1913,6101
Adult,Apr 2012 to Mar 2013,North East,Age total,21 to 24,-,6617,2451,8366
Adult,Apr 2012 to Mar 2013,North East,Age total,25 to 29,-,6829,2671,10718
Adult,Apr 2012 to Mar 2013,North East,Age total,30 to 34,-,5633,2367,10935
Adult,Apr 2012 to Mar 2013,North East,Age total,35 to 39,-,3775,1448,6071
Adult,Apr 2012 to Mar 2013,North East,Age total,40 to 44,-,3072,993,3721
Adult,Apr 2012 to Mar 2013,North East,Age total,45 to 49,-,2146,554,2070
Adult,Apr 2012 to Mar 2013,North East,Age total,50+,-,2946,503,2240
Juvenile,Apr 2012 to Mar 2013,North East,Age total,10 to 14,-,1196,458,1377
Juvenile,Apr 2012 to Mar 2013,North East,Age total,15 to 17,-,3142,1473,5146
Adult,Apr 2012 to Mar 2013,North West,Age total,18 to 20,-,10768,3925,12435
Adult,Apr 2012 to Mar 2013,North West,Age total,21 to 24,-,15640,5005,15412
Adult,Apr 2012 to Mar 2013,North West,Age total,25 to 29,-,15088,4842,16374
Adult,Apr 2012 to Mar 2013,North West,Age total,30 to 34,-,11314,3588,13138
Adult,Apr 2012 to Mar 2013,North West,Age total,35 to 39,-,9026,3057,12541
Adult,Apr 2012 to Mar 2013,North West,Age total,40 to 44,-,8287,2562,9625
Adult,Apr 2012 to Mar 2013,North West,Age total,45 to 49,-,5941,1455,5370
Adult,Apr 2012 to Mar 2013,North West,Age total,50+,-,6972,1229,4568
Juvenile,Apr 2012 to Mar 2013,North West,Age total,10 to 14,-,2070,891,3449
Juvenile,Apr 2012 to Mar 2013,North West,Age total,15 to 17,-,6939,3066,10547
Adult,Apr 2012 to Mar 2013,South East,Age total,18 to 20,-,11006,3647,11957
Adult,Apr 2012 to Mar 2013,South East,Age total,21 to 24,-,13699,4136,13911
Adult,Apr 2012 to Mar 2013,South East,Age total,25 to 29,-,12370,3701,13751
Adult,Apr 2012 to Mar 2013,South East,Age total,30 to 34,-,9467,2987,11992
Adult,Apr 2012 to Mar 2013,South East,Age total,35 to 39,-,7176,2123,8418
Adult,Apr 2012 to Mar 2013,South East,Age total,40 to 44,-,6606,1733,6459
Adult,Apr 2012 to Mar 2013,South East,Age total,45 to 49,-,5375,1184,4053
Adult,Apr 2012 to Mar 2013,South East,Age total,50+,-,7081,1080,3435
Juvenile,Apr 2012 to Mar 2013,South East,Age total,10 to 14,-,2178,897,3310
Juvenile,Apr 2012 to Mar 2013,South East,Age total,15 to 17,-,6616,2703,9279
Adult,Apr 2012 to Mar 2013,South West,Age total,18 to 20,-,6249,2085,6459
Adult,Apr 2012 to Mar 2013,South West,Age total,21 to 24,-,7903,2341,7176
Adult,Apr 2012 to Mar 2013,South West,Age total,25 to 29,-,7370,2277,8014
Adult,Apr 2012 to Mar 2013,South West,Age total,30 to 34,-,5901,1855,7055
Adult,Apr 2012 to Mar 2013,South West,Age total,35 to 39,-,4428,1378,5204
Adult,Apr 2012 to Mar 2013,South West,Age total,40 to 44,-,4111,1060,3676
Adult,Apr 2012 to Mar 2013,South West,Age total,45 to 49,-,3359,795,2794
Adult,Apr 2012 to Mar 2013,South West,Age total,50+,-,4422,636,2473
Juvenile,Apr 2012 to Mar 2013,South West,Age total,10 to 14,-,1270,438,1282
Juvenile,Apr 2012 to Mar 2013,South West,Age total,15 to 17,-,4200,1521,4802
Adult,Apr 2012 to Mar 2013,West Midlands,Age total,18 to 20,-,6940,2221,6251
Adult,Apr 2012 to Mar 2013,West Midlands,Age total,21 to 24,-,9571,2764,8107
Adult,Apr 2012 to Mar 2013,West Midlands,Age total,25 to 29,-,9562,2878,10205
Adult,Apr 2012 to Mar 2013,West Midlands,Age total,30 to 34,-,7513,2437,9250
Adult,Apr 2012 to Mar 2013,West Midlands,Age total,35 to 39,-,5233,1475,5206
Adult,Apr 2012 to Mar 2013,West Midlands,Age total,40 to 44,-,4612,1143,3969
Adult,Apr 2012 to Mar 2013,West Midlands,Age total,45 to 49,-,3433,757,2369
Adult,Apr 2012 to Mar 2013,West Midlands,Age total,50+,-,4402,579,2009
Juvenile,Apr 2012 to Mar 2013,West Midlands,Age total,10 to 14,-,1198,431,1368
Juvenile,Apr 2012 to Mar 2013,West Midlands,Age total,15 to 17,-,4289,1549,4773
Adult,Apr 2012 to Mar 2013,Yorkshire and The Humber,Age total,18 to 20,-,7286,2561,7466
Adult,Apr 2012 to Mar 2013,Yorkshire and The Humber,Age total,21 to 24,-,10199,3208,10057
Adult,Apr 2012 to Mar 2013,Yorkshire and The Humber,Age total,25 to 29,-,10044,3229,11724
Adult,Apr 2012 to Mar 2013,Yorkshire and The Humber,Age total,30 to 34,-,7937,2866,11744
Adult,Apr 2012 to Mar 2013,Yorkshire and The Humber,Age total,35 to 39,-,5918,2053,8001
Adult,Apr 2012 to Mar 2013,Yorkshire and The Humber,Age total,40 to 44,-,5003,1460,5371
Adult,Apr 2012 to Mar 2013,Yorkshire and The Humber,Age total,45 to 49,-,3429,753,2799
Adult,Apr 2012 to Mar 2013,Yorkshire and The Humber,Age total,50+,-,4269,707,2636
Juvenile,Apr 2012 to Mar 2013,Yorkshire and The Humber,Age total,10 to 14,-,1439,593,2124
Juvenile,Apr 2012 to Mar 2013,Yorkshire and The Humber,Age total,15 to 17,-,4556,1951,6657
Adult,Apr 2013 to Mar 2014,East Midlands,Age total,18 to 20,-,4835,1651,4995
Adult,Apr 2013 to Mar 2014,East Midlands,Age total,21 to 24,-,7220,2166,6857
Adult,Apr 2013 to Mar 2014,East Midlands,Age total,25 to 29,-,7636,2381,8604
Adult,Apr 2013 to Mar 2014,East Midlands,Age total,30 to 34,-,6218,2113,8904
Adult,Apr 2013 to Mar 2014,East Midlands,Age total,35 to 39,-,4520,1440,5758
Adult,Apr 2013 to Mar 2014,East Midlands,Age total,40 to 44,-,3735,1010,3836
Adult,Apr 2013 to Mar 2014,East Midlands,Age total,45 to 49,-,2933,602,2190
Adult,Apr 2013 to Mar 2014,East Midlands,Age total,50+,-,3844,564,1884
Juvenile,Apr 2013 to Mar 2014,East Midlands,Age total,10 to 14,-,1008,417,1621
Juvenile,Apr 2013 to Mar 2014,East Midlands,Age total,15 to 17,-,3112,1228,4062
Adult,Apr 2013 to Mar 2014,East of England,Age total,18 to 20,-,6092,1911,5700
Adult,Apr 2013 to Mar 2014,East of England,Age total,21 to 24,-,8723,2539,8018
Adult,Apr 2013 to Mar 2014,East of England,Age total,25 to 29,-,8797,2654,9703
Adult,Apr 2013 to Mar 2014,East of England,Age total,30 to 34,-,6944,2231,9166
Adult,Apr 2013 to Mar 2014,East of England,Age total,35 to 39,-,5321,1630,6463
Adult,Apr 2013 to Mar 2014,East of England,Age total,40 to 44,-,4773,1287,4966
Adult,Apr 2013 to Mar 2014,East of England,Age total,45 to 49,-,3844,910,3278
Adult,Apr 2013 to Mar 2014,East of England,Age total,50+,-,5387,834,2903
Juvenile,Apr 2013 to Mar 2014,East of England,Age total,10 to 14,-,1252,496,1548
Juvenile,Apr 2013 to Mar 2014,East of England,Age total,15 to 17,-,3965,1568,4956
Adult,Apr 2013 to Mar 2014,London,Age total,18 to 20,-,11235,4045,11343
Adult,Apr 2013 to Mar 2014,London,Age total,21 to 24,-,16077,4860,13542
Adult,Apr 2013 to Mar 2014,London,Age total,25 to 29,-,17220,4836,15053
Adult,Apr 2013 to Mar 2014,London,Age total,30 to 34,-,13930,4215,15022
Adult,Apr 2013 to Mar 2014,London,Age total,35 to 39,-,10256,2950,10640
Adult,Apr 2013 to Mar 2014,London,Age total,40 to 44,-,8324,2325,8076
Adult,Apr 2013 to Mar 2014,London,Age total,45 to 49,-,6874,1823,6781
Adult,Apr 2013 to Mar 2014,London,Age total,50+,-,8261,1787,6599
Juvenile,Apr 2013 to Mar 2014,London,Age total,10 to 14,-,1312,601,2032
Juvenile,Apr 2013 to Mar 2014,London,Age total,15 to 17,-,6365,3060,9638
Adult,Apr 2013 to Mar 2014,North East,Age total,18 to 20,-,4293,1663,5777
Adult,Apr 2013 to Mar 2014,North East,Age total,21 to 24,-,6195,2347,8427
Adult,Apr 2013 to Mar 2014,North East,Age total,25 to 29,-,6698,2683,10477
Adult,Apr 2013 to Mar 2014,North East,Age total,30 to 34,-,5687,2413,10704
Adult,Apr 2013 to Mar 2014,North East,Age total,35 to 39,-,3906,1598,6790
Adult,Apr 2013 to Mar 2014,North East,Age total,40 to 44,-,3224,1094,4409
Adult,Apr 2013 to Mar 2014,North East,Age total,45 to 49,-,2224,594,2398
Adult,Apr 2013 to Mar 2014,North East,Age total,50+,-,3081,510,2246
Juvenile,Apr 2013 to Mar 2014,North East,Age total,10 to 14,-,803,392,1434
Juvenile,Apr 2013 to Mar 2014,North East,Age total,15 to 17,-,2629,1228,4290
Adult,Apr 2013 to Mar 2014,North West,Age total,18 to 20,-,8822,3131,9976
Adult,Apr 2013 to Mar 2014,North West,Age total,21 to 24,-,13722,4473,13871
Adult,Apr 2013 to Mar 2014,North West,Age total,25 to 29,-,14305,4679,16287
Adult,Apr 2013 to Mar 2014,North West,Age total,30 to 34,-,11076,3603,13737
Adult,Apr 2013 to Mar 2014,North West,Age total,35 to 39,-,8651,3060,11963
Adult,Apr 2013 to Mar 2014,North West,Age total,40 to 44,-,7748,2515,9773
Adult,Apr 2013 to Mar 2014,North West,Age total,45 to 49,-,5687,1595,5698
Adult,Apr 2013 to Mar 2014,North West,Age total,50+,-,6979,1311,4854
Juvenile,Apr 2013 to Mar 2014,North West,Age total,10 to 14,-,1470,716,3341
Juvenile,Apr 2013 to Mar 2014,North West,Age total,15 to 17,-,5408,2432,8590
Adult,Apr 2013 to Mar 2014,South East,Age total,18 to 20,-,9673,3067,10232
Adult,Apr 2013 to Mar 2014,South East,Age total,21 to 24,-,12737,3759,12272
Adult,Apr 2013 to Mar 2014,South East,Age total,25 to 29,-,12108,3569,13709
Adult,Apr 2013 to Mar 2014,South East,Age total,30 to 34,-,9629,3059,12953
Adult,Apr 2013 to Mar 2014,South East,Age total,35 to 39,-,7362,2212,8457
Adult,Apr 2013 to Mar 2014,South East,Age total,40 to 44,-,6321,1647,6572
Adult,Apr 2013 to Mar 2014,South East,Age total,45 to 49,-,5417,1196,4305
Adult,Apr 2013 to Mar 2014,South East,Age total,50+,-,7109,1055,3754
Juvenile,Apr 2013 to Mar 2014,South East,Age total,10 to 14,-,1678,746,2840
Juvenile,Apr 2013 to Mar 2014,South East,Age total,15 to 17,-,5714,2452,8439
Adult,Apr 2013 to Mar 2014,South West,Age total,18 to 20,-,5391,1714,5224
Adult,Apr 2013 to Mar 2014,South West,Age total,21 to 24,-,7327,2145,6990
Adult,Apr 2013 to Mar 2014,South West,Age total,25 to 29,-,7410,2281,8361
Adult,Apr 2013 to Mar 2014,South West,Age total,30 to 34,-,5702,1913,7612
Adult,Apr 2013 to Mar 2014,South West,Age total,35 to 39,-,4422,1388,5940
Adult,Apr 2013 to Mar 2014,South West,Age total,40 to 44,-,3925,1098,3791
Adult,Apr 2013 to Mar 2014,South West,Age total,45 to 49,-,3243,769,2735
Adult,Apr 2013 to Mar 2014,South West,Age total,50+,-,4502,698,2466
Juvenile,Apr 2013 to Mar 2014,South West,Age total,10 to 14,-,947,359,1354
Juvenile,Apr 2013 to Mar 2014,South West,Age total,15 to 17,-,3448,1259,3731
Adult,Apr 2013 to Mar 2014,West Midlands,Age total,18 to 20,-,5726,1823,5475
Adult,Apr 2013 to Mar 2014,West Midlands,Age total,21 to 24,-,8670,2538,7821
Adult,Apr 2013 to Mar 2014,West Midlands,Age total,25 to 29,-,9388,2822,10176
Adult,Apr 2013 to Mar 2014,West Midlands,Age total,30 to 34,-,7742,2618,10826
Adult,Apr 2013 to Mar 2014,West Midlands,Age total,35 to 39,-,5281,1668,6744
Adult,Apr 2013 to Mar 2014,West Midlands,Age total,40 to 44,-,4527,1185,4519
Adult,Apr 2013 to Mar 2014,West Midlands,Age total,45 to 49,-,3376,716,2691
Adult,Apr 2013 to Mar 2014,West Midlands,Age total,50+,-,4320,603,2091
Juvenile,Apr 2013 to Mar 2014,West Midlands,Age total,10 to 14,-,1035,405,1431
Juvenile,Apr 2013 to Mar 2014,West Midlands,Age total,15 to 17,-,3512,1330,4172
Adult,Apr 2013 to Mar 2014,Yorkshire and The Humber,Age total,18 to 20,-,6337,2224,7072
Adult,Apr 2013 to Mar 2014,Yorkshire and The Humber,Age total,21 to 24,-,9420,2971,9395
Adult,Apr 2013 to Mar 2014,Yorkshire and The Humber,Age total,25 to 29,-,9927,3184,11833
Adult,Apr 2013 to Mar 2014,Yorkshire and The Humber,Age total,30 to 34,-,8274,3083,13501
Adult,Apr 2013 to Mar 2014,Yorkshire and The Humber,Age total,35 to 39,-,6091,2257,9380
Adult,Apr 2013 to Mar 2014,Yorkshire and The Humber,Age total,40 to 44,-,4977,1539,6095
Adult,Apr 2013 to Mar 2014,Yorkshire and The Humber,Age total,45 to 49,-,3563,823,3020
Adult,Apr 2013 to Mar 2014,Yorkshire and The Humber,Age total,50+,-,4685,765,2940
Juvenile,Apr 2013 to Mar 2014,Yorkshire and The Humber,Age total,10 to 14,-,1285,594,2392
Juvenile,Apr 2013 to Mar 2014,Yorkshire and The Humber,Age total,15 to 17,-,4112,1714,5943
Adult,Apr 2014 to Mar 2015,East Midlands,Age total,18 to 20,-,4358,1405,4463
Adult,Apr 2014 to Mar 2015,East Midlands,Age total,21 to 24,-,6630,1882,6039
Adult,Apr 2014 to Mar 2015,East Midlands,Age total,25 to 29,-,7348,2210,8450
Adult,Apr 2014 to Mar 2015,East Midlands,Age total,30 to 34,-,5987,1947,8110
Adult,Apr 2014 to Mar 2015,East Midlands,Age total,35 to 39,-,4496,1451,6063
Adult,Apr 2014 to Mar 2015,East Midlands,Age total,40 to 44,-,3535,958,3244
Adult,Apr 2014 to Mar 2015,East Midlands,Age total,45 to 49,-,2750,577,2151
Adult,Apr 2014 to Mar 2015,East Midlands,Age total,50+,-,3908,592,2020
Juvenile,Apr 2014 to Mar 2015,East Midlands,Age total,10 to 14,-,964,360,1228
Juvenile,Apr 2014 to Mar 2015,East Midlands,Age total,15 to 17,-,2722,1056,3328
Adult,Apr 2014 to Mar 2015,East of England,Age total,18 to 20,-,5357,1569,5020
Adult,Apr 2014 to Mar 2015,East of England,Age total,21 to 24,-,7887,2198,7056
Adult,Apr 2014 to Mar 2015,East of England,Age total,25 to 29,-,8401,2392,8936
Adult,Apr 2014 to Mar 2015,East of England,Age total,30 to 34,-,6869,2033,8576
Adult,Apr 2014 to Mar 2015,East of England,Age total,35 to 39,-,5182,1509,6093
Adult,Apr 2014 to Mar 2015,East of England,Age total,40 to 44,-,4718,1174,4526
Adult,Apr 2014 to Mar 2015,East of England,Age total,45 to 49,-,3783,860,2818
Adult,Apr 2014 to Mar 2015,East of England,Age total,50+,-,5435,825,2640
Juvenile,Apr 2014 to Mar 2015,East of England,Age total,10 to 14,-,1012,399,1414
Juvenile,Apr 2014 to Mar 2015,East of England,Age total,15 to 17,-,3559,1346,4211
Adult,Apr 2014 to Mar 2015,London,Age total,18 to 20,-,9827,3524,10109
Adult,Apr 2014 to Mar 2015,London,Age total,21 to 24,-,14366,4237,12035
Adult,Apr 2014 to Mar 2015,London,Age total,25 to 29,-,16254,4459,14118
Adult,Apr 2014 to Mar 2015,London,Age total,30 to 34,-,13222,3792,13508
Adult,Apr 2014 to Mar 2015,London,Age total,35 to 39,-,9948,2833,10319
Adult,Apr 2014 to Mar 2015,London,Age total,40 to 44,-,8133,2194,7899
Adult,Apr 2014 to Mar 2015,London,Age total,45 to 49,-,6495,1682,6475
Adult,Apr 2014 to Mar 2015,London,Age total,50+,-,8447,1747,6527
Juvenile,Apr 2014 to Mar 2015,London,Age total,10 to 14,-,1272,609,2399
Juvenile,Apr 2014 to Mar 2015,London,Age total,15 to 17,-,5606,2658,8810
Adult,Apr 2014 to Mar 2015,North East,Age total,18 to 20,-,3551,1369,5393
Adult,Apr 2014 to Mar 2015,North East,Age total,21 to 24,-,5384,1920,6816
Adult,Apr 2014 to Mar 2015,North East,Age total,25 to 29,-,6292,2371,9467
Adult,Apr 2014 to Mar 2015,North East,Age total,30 to 34,-,5183,2121,10243
Adult,Apr 2014 to Mar 2015,North East,Age total,35 to 39,-,3911,1551,7556
Adult,Apr 2014 to Mar 2015,North East,Age total,40 to 44,-,2985,966,4325
Adult,Apr 2014 to Mar 2015,North East,Age total,45 to 49,-,2181,569,2398
Adult,Apr 2014 to Mar 2015,North East,Age total,50+,-,2957,484,2159
Juvenile,Apr 2014 to Mar 2015,North East,Age total,10 to 14,-,719,368,1574
Juvenile,Apr 2014 to Mar 2015,North East,Age total,15 to 17,-,2232,1086,3935
Adult,Apr 2014 to Mar 2015,North West,Age total,18 to 20,-,7781,2521,7743
Adult,Apr 2014 to Mar 2015,North West,Age total,21 to 24,-,12375,3641,10960
Adult,Apr 2014 to Mar 2015,North West,Age total,25 to 29,-,13906,4201,14878
Adult,Apr 2014 to Mar 2015,North West,Age total,30 to 34,-,10976,3416,12611
Adult,Apr 2014 to Mar 2015,North West,Age total,35 to 39,-,8641,2806,10979
Adult,Apr 2014 to Mar 2015,North West,Age total,40 to 44,-,7603,2408,8854
Adult,Apr 2014 to Mar 2015,North West,Age total,45 to 49,-,5710,1503,5571
Adult,Apr 2014 to Mar 2015,North West,Age total,50+,-,7193,1280,4551
Juvenile,Apr 2014 to Mar 2015,North West,Age total,10 to 14,-,1383,672,3128
Juvenile,Apr 2014 to Mar 2015,North West,Age total,15 to 17,-,4582,2066,7492
Adult,Apr 2014 to Mar 2015,South East,Age total,18 to 20,-,8173,2413,7822
Adult,Apr 2014 to Mar 2015,South East,Age total,21 to 24,-,11028,2952,10114
Adult,Apr 2014 to Mar 2015,South East,Age total,25 to 29,-,11547,3345,13700
Adult,Apr 2014 to Mar 2015,South East,Age total,30 to 34,-,9187,2760,12489
Adult,Apr 2014 to Mar 2015,South East,Age total,35 to 39,-,6792,1973,7832
Adult,Apr 2014 to Mar 2015,South East,Age total,40 to 44,-,5905,1478,6015
Adult,Apr 2014 to Mar 2015,South East,Age total,45 to 49,-,4902,1043,4227
Adult,Apr 2014 to Mar 2015,South East,Age total,50+,-,7262,1043,3971
Juvenile,Apr 2014 to Mar 2015,South East,Age total,10 to 14,-,1362,566,2416
Juvenile,Apr 2014 to Mar 2015,South East,Age total,15 to 17,-,4674,1860,6760
Adult,Apr 2014 to Mar 2015,South West,Age total,18 to 20,-,4462,1369,4499
Adult,Apr 2014 to Mar 2015,South West,Age total,21 to 24,-,6292,1863,6432
Adult,Apr 2014 to Mar 2015,South West,Age total,25 to 29,-,6944,2062,7927
Adult,Apr 2014 to Mar 2015,South West,Age total,30 to 34,-,5442,1732,6917
Adult,Apr 2014 to Mar 2015,South West,Age total,35 to 39,-,4227,1358,5864
Adult,Apr 2014 to Mar 2015,South West,Age total,40 to 44,-,3761,1030,3860
Adult,Apr 2014 to Mar 2015,South West,Age total,45 to 49,-,3094,700,2427
Adult,Apr 2014 to Mar 2015,South West,Age total,50+,-,4464,709,2626
Juvenile,Apr 2014 to Mar 2015,South West,Age total,10 to 14,-,904,368,1277
Juvenile,Apr 2014 to Mar 2015,South West,Age total,15 to 17,-,2824,1010,3255
Adult,Apr 2014 to Mar 2015,West Midlands,Age total,18 to 20,-,5001,1511,4495
Adult,Apr 2014 to Mar 2015,West Midlands,Age total,21 to 24,-,7623,2155,6506
Adult,Apr 2014 to Mar 2015,West Midlands,Age total,25 to 29,-,8800,2671,10208
Adult,Apr 2014 to Mar 2015,West Midlands,Age total,30 to 34,-,7400,2514,11203
Adult,Apr 2014 to Mar 2015,West Midlands,Age total,35 to 39,-,5409,1788,7530
Adult,Apr 2014 to Mar 2015,West Midlands,Age total,40 to 44,-,4230,1174,4796
Adult,Apr 2014 to Mar 2015,West Midlands,Age total,45 to 49,-,3267,756,2724
Adult,Apr 2014 to Mar 2015,West Midlands,Age total,50+,-,4471,684,2563
Juvenile,Apr 2014 to Mar 2015,West Midlands,Age total,10 to 14,-,967,391,1442
Juvenile,Apr 2014 to Mar 2015,West Midlands,Age total,15 to 17,-,3260,1294,4255
Adult,Apr 2014 to Mar 2015,Yorkshire and The Humber,Age total,18 to 20,-,5253,1791,5896
Adult,Apr 2014 to Mar 2015,Yorkshire and The Humber,Age total,21 to 24,-,8165,2512,8216
Adult,Apr 2014 to Mar 2015,Yorkshire and The Humber,Age total,25 to 29,-,9293,2953,11154
Adult,Apr 2014 to Mar 2015,Yorkshire and The Humber,Age total,30 to 34,-,7785,2784,12579
Adult,Apr 2014 to Mar 2015,Yorkshire and The Humber,Age total,35 to 39,-,5875,2140,9533
Adult,Apr 2014 to Mar 2015,Yorkshire and The Humber,Age total,40 to 44,-,4761,1398,5424
Adult,Apr 2014 to Mar 2015,Yorkshire and The Humber,Age total,45 to 49,-,3508,885,3086
Adult,Apr 2014 to Mar 2015,Yorkshire and The Humber,Age total,50+,-,4551,713,2694
Juvenile,Apr 2014 to Mar 2015,Yorkshire and The Humber,Age total,10 to 14,-,1253,544,2450
Juvenile,Apr 2014 to Mar 2015,Yorkshire and The Humber,Age total,15 to 17,-,3394,1414,5543
Adult,Apr 2015 to Mar 2016,East Midlands,Age total,18 to 20,-,3806,1105,3431
Adult,Apr 2015 to Mar 2016,East Midlands,Age total,21 to 24,-,6017,1696,5596
Adult,Apr 2015 to Mar 2016,East Midlands,Age total,25 to 29,-,7154,2128,7875
Adult,Apr 2015 to Mar 2016,East Midlands,Age total,30 to 34,-,5924,1878,8064
Adult,Apr 2015 to Mar 2016,East Midlands,Age total,35 to 39,-,4590,1493,6198
Adult,Apr 2015 to Mar 2016,East Midlands,Age total,40 to 44,-,3503,948,3634
Adult,Apr 2015 to Mar 2016,East Midlands,Age total,45 to 49,-,2685,596,2155
Adult,Apr 2015 to Mar 2016,East Midlands,Age total,50+,-,3728,568,1804
Juvenile,Apr 2015 to Mar 2016,East Midlands,Age total,10 to 14,-,684,268,970
Juvenile,Apr 2015 to Mar 2016,East Midlands,Age total,15 to 17,-,2196,785,2625
Adult,Apr 2015 to Mar 2016,East of England,Age total,18 to 20,-,4832,1392,4469
Adult,Apr 2015 to Mar 2016,East of England,Age total,21 to 24,-,6884,1814,6196
Adult,Apr 2015 to Mar 2016,East of England,Age total,25 to 29,-,7903,2179,8683
Adult,Apr 2015 to Mar 2016,East of England,Age total,30 to 34,-,6264,1905,8586
Adult,Apr 2015 to Mar 2016,East of England,Age total,35 to 39,-,4943,1475,6381
Adult,Apr 2015 to Mar 2016,East of England,Age total,40 to 44,-,4192,1120,4300
Adult,Apr 2015 to Mar 2016,East of England,Age total,45 to 49,-,3364,796,2925
Adult,Apr 2015 to Mar 2016,East of England,Age total,50+,-,5081,765,2618
Juvenile,Apr 2015 to Mar 2016,East of England,Age total,10 to 14,-,888,364,1503
Juvenile,Apr 2015 to Mar 2016,East of England,Age total,15 to 17,-,2775,1114,4119
Adult,Apr 2015 to Mar 2016,London,Age total,18 to 20,-,9507,3284,9773
Adult,Apr 2015 to Mar 2016,London,Age total,21 to 24,-,13592,3968,11547
Adult,Apr 2015 to Mar 2016,London,Age total,25 to 29,-,15463,4149,13870
Adult,Apr 2015 to Mar 2016,London,Age total,30 to 34,-,12680,3525,13176
Adult,Apr 2015 to Mar 2016,London,Age total,35 to 39,-,9968,2841,10594
Adult,Apr 2015 to Mar 2016,London,Age total,40 to 44,-,7548,2089,7734
Adult,Apr 2015 to Mar 2016,London,Age total,45 to 49,-,6271,1638,6438
Adult,Apr 2015 to Mar 2016,London,Age total,50+,-,8400,1692,5983
Juvenile,Apr 2015 to Mar 2016,London,Age total,10 to 14,-,1268,598,2346
Juvenile,Apr 2015 to Mar 2016,London,Age total,15 to 17,-,5182,2490,8377
Adult,Apr 2015 to Mar 2016,North East,Age total,18 to 20,-,3123,1145,4656
Adult,Apr 2015 to Mar 2016,North East,Age total,21 to 24,-,4971,1737,6706
Adult,Apr 2015 to Mar 2016,North East,Age total,25 to 29,-,5898,2159,9292
Adult,Apr 2015 to Mar 2016,North East,Age total,30 to 34,-,5154,2097,10784
Adult,Apr 2015 to Mar 2016,North East,Age total,35 to 39,-,4063,1618,8129
Adult,Apr 2015 to Mar 2016,North East,Age total,40 to 44,-,2762,970,4243
Adult,Apr 2015 to Mar 2016,North East,Age total,45 to 49,-,2078,580,2604
Adult,Apr 2015 to Mar 2016,North East,Age total,50+,-,2859,456,1788
Juvenile,Apr 2015 to Mar 2016,North East,Age total,10 to 14,-,663,347,1468
Juvenile,Apr 2015 to Mar 2016,North East,Age total,15 to 17,-,1893,932,3770
Adult,Apr 2015 to Mar 2016,North West,Age total,18 to 20,-,6563,2038,6417
Adult,Apr 2015 to Mar 2016,North West,Age total,21 to 24,-,10511,2869,8844
Adult,Apr 2015 to Mar 2016,North West,Age total,25 to 29,-,13049,3647,12857
Adult,Apr 2015 to Mar 2016,North West,Age total,30 to 34,-,10472,3095,12000
Adult,Apr 2015 to Mar 2016,North West,Age total,35 to 39,-,8024,2490,9557
Adult,Apr 2015 to Mar 2016,North West,Age total,40 to 44,-,7067,2156,7924
Adult,Apr 2015 to Mar 2016,North West,Age total,45 to 49,-,5390,1359,4913
Adult,Apr 2015 to Mar 2016,North West,Age total,50+,-,7042,1205,4156
Juvenile,Apr 2015 to Mar 2016,North West,Age total,10 to 14,-,1080,500,2298
Juvenile,Apr 2015 to Mar 2016,North West,Age total,15 to 17,-,3558,1547,6432
Adult,Apr 2015 to Mar 2016,South East,Age total,18 to 20,-,6613,1848,5948
Adult,Apr 2015 to Mar 2016,South East,Age total,21 to 24,-,9444,2486,8544
Adult,Apr 2015 to Mar 2016,South East,Age total,25 to 29,-,10731,3071,12902
Adult,Apr 2015 to Mar 2016,South East,Age total,30 to 34,-,8336,2486,11422
Adult,Apr 2015 to Mar 2016,South East,Age total,35 to 39,-,6536,1957,8580
Adult,Apr 2015 to Mar 2016,South East,Age total,40 to 44,-,5185,1349,5337
Adult,Apr 2015 to Mar 2016,South East,Age total,45 to 49,-,4523,963,3879
Adult,Apr 2015 to Mar 2016,South East,Age total,50+,-,6916,1012,3898
Juvenile,Apr 2015 to Mar 2016,South East,Age total,10 to 14,-,1127,473,1874
Juvenile,Apr 2015 to Mar 2016,South East,Age total,15 to 17,-,3610,1386,5084
Adult,Apr 2015 to Mar 2016,South West,Age total,18 to 20,-,3831,1122,3796
Adult,Apr 2015 to Mar 2016,South West,Age total,21 to 24,-,5790,1633,5859
Adult,Apr 2015 to Mar 2016,South West,Age total,25 to 29,-,6598,1951,7514
Adult,Apr 2015 to Mar 2016,South West,Age total,30 to 34,-,5350,1677,6831
Adult,Apr 2015 to Mar 2016,South West,Age total,35 to 39,-,4104,1340,5553
Adult,Apr 2015 to Mar 2016,South West,Age total,40 to 44,-,3461,978,3835
Adult,Apr 2015 to Mar 2016,South West,Age total,45 to 49,-,2925,649,2152
Adult,Apr 2015 to Mar 2016,South West,Age total,50+,-,4452,732,2637
Juvenile,Apr 2015 to Mar 2016,South West,Age total,10 to 14,-,818,314,1127
Juvenile,Apr 2015 to Mar 2016,South West,Age total,15 to 17,-,2359,789,2778
Adult,Apr 2015 to Mar 2016,West Midlands,Age total,18 to 20,-,4862,1520,4926
Adult,Apr 2015 to Mar 2016,West Midlands,Age total,21 to 24,-,7570,2135,7096
Adult,Apr 2015 to Mar 2016,West Midlands,Age total,25 to 29,-,9171,2818,11624
Adult,Apr 2015 to Mar 2016,West Midlands,Age total,30 to 34,-,7702,2639,11199
Adult,Apr 2015 to Mar 2016,West Midlands,Age total,35 to 39,-,5833,2024,8713
Adult,Apr 2015 to Mar 2016,West Midlands,Age total,40 to 44,-,4174,1206,5043
Adult,Apr 2015 to Mar 2016,West Midlands,Age total,45 to 49,-,3339,789,3004
Adult,Apr 2015 to Mar 2016,West Midlands,Age total,50+,-,4651,756,2782
Juvenile,Apr 2015 to Mar 2016,West Midlands,Age total,10 to 14,-,1049,396,1509
Juvenile,Apr 2015 to Mar 2016,West Midlands,Age total,15 to 17,-,3045,1211,4443
Adult,Apr 2015 to Mar 2016,Yorkshire and The Humber,Age total,18 to 20,-,4522,1418,4678
Adult,Apr 2015 to Mar 2016,Yorkshire and The Humber,Age total,21 to 24,-,7349,2227,7493
Adult,Apr 2015 to Mar 2016,Yorkshire and The Humber,Age total,25 to 29,-,8984,2731,10631
Adult,Apr 2015 to Mar 2016,Yorkshire and The Humber,Age total,30 to 34,-,7359,2599,11831
Adult,Apr 2015 to Mar 2016,Yorkshire and The Humber,Age total,35 to 39,-,5813,2111,9580
Adult,Apr 2015 to Mar 2016,Yorkshire and The Humber,Age total,40 to 44,-,4464,1396,5708
Adult,Apr 2015 to Mar 2016,Yorkshire and The Humber,Age total,45 to 49,-,3362,844,3070
Adult,Apr 2015 to Mar 2016,Yorkshire and The Humber,Age total,50+,-,4378,691,2563
Juvenile,Apr 2015 to Mar 2016,Yorkshire and The Humber,Age total,10 to 14,-,1115,461,1998
Juvenile,Apr 2015 to Mar 2016,Yorkshire and The Humber,Age total,15 to 17,-,2986,1219,4716
Adult,Apr 2016 to Mar 2017,East Midlands,Age total,18 to 20,-,3294,943,3129
Adult,Apr 2016 to Mar 2017,East Midlands,Age total,21 to 24,-,5201,1478,5362
Adult,Apr 2016 to Mar 2017,East Midlands,Age total,25 to 29,-,6403,1890,7990
Adult,Apr 2016 to Mar 2017,East Midlands,Age total,30 to 34,-,5312,1783,8372
Adult,Apr 2016 to Mar 2017,East Midlands,Age total,35 to 39,-,4506,1537,6785
Adult,Apr 2016 to Mar 2017,East Midlands,Age total,40 to 44,-,3204,953,4135
Adult,Apr 2016 to Mar 2017,East Midlands,Age total,45 to 49,-,2458,557,2048
Adult,Apr 2016 to Mar 2017,East Midlands,Age total,50+,-,3609,516,1481
Juvenile,Apr 2016 to Mar 2017,East Midlands,Age total,10 to 14,-,625,247,1079
Juvenile,Apr 2016 to Mar 2017,East Midlands,Age total,15 to 17,-,1864,735,2658
Adult,Apr 2016 to Mar 2017,East of England,Age total,18 to 20,-,4217,1176,3799
Adult,Apr 2016 to Mar 2017,East of England,Age total,21 to 24,-,5963,1587,5772
Adult,Apr 2016 to Mar 2017,East of England,Age total,25 to 29,-,7137,2092,8782
Adult,Apr 2016 to Mar 2017,East of England,Age total,30 to 34,-,5980,1835,9098
Adult,Apr 2016 to Mar 2017,East of England,Age total,35 to 39,-,4920,1478,6864
Adult,Apr 2016 to Mar 2017,East of England,Age total,40 to 44,-,3823,1097,4912
Adult,Apr 2016 to Mar 2017,East of England,Age total,45 to 49,-,3187,766,3036
Adult,Apr 2016 to Mar 2017,East of England,Age total,50+,-,4876,716,2637
Juvenile,Apr 2016 to Mar 2017,East of England,Age total,10 to 14,-,777,285,1014
Juvenile,Apr 2016 to Mar 2017,East of England,Age total,15 to 17,-,2503,1013,3901
Adult,Apr 2016 to Mar 2017,London,Age total,18 to 20,-,8538,2967,8893
Adult,Apr 2016 to Mar 2017,London,Age total,21 to 24,-,11689,3349,10053
Adult,Apr 2016 to Mar 2017,London,Age total,25 to 29,-,13743,3520,11964
Adult,Apr 2016 to Mar 2017,London,Age total,30 to 34,-,11117,3018,11629
Adult,Apr 2016 to Mar 2017,London,Age total,35 to 39,-,8880,2631,10938
Adult,Apr 2016 to Mar 2017,London,Age total,40 to 44,-,6756,1822,7039
Adult,Apr 2016 to Mar 2017,London,Age total,45 to 49,-,5408,1398,5255
Adult,Apr 2016 to Mar 2017,London,Age total,50+,-,7662,1523,5696
Juvenile,Apr 2016 to Mar 2017,London,Age total,10 to 14,-,1228,543,2182
Juvenile,Apr 2016 to Mar 2017,London,Age total,15 to 17,-,4893,2187,7866
Adult,Apr 2016 to Mar 2017,North East,Age total,18 to 20,-,2397,789,3167
Adult,Apr 2016 to Mar 2017,North East,Age total,21 to 24,-,3894,1296,5089
Adult,Apr 2016 to Mar 2017,North East,Age total,25 to 29,-,5034,1818,8731
Adult,Apr 2016 to Mar 2017,North East,Age total,30 to 34,-,4557,1796,9266
Adult,Apr 2016 to Mar 2017,North East,Age total,35 to 39,-,3732,1574,8651
Adult,Apr 2016 to Mar 2017,North East,Age total,40 to 44,-,2422,809,4135
Adult,Apr 2016 to Mar 2017,North East,Age total,45 to 49,-,1755,483,2037
Adult,Apr 2016 to Mar 2017,North East,Age total,50+,-,2560,400,1811
Juvenile,Apr 2016 to Mar 2017,North East,Age total,10 to 14,-,585,252,1056
Juvenile,Apr 2016 to Mar 2017,North East,Age total,15 to 17,-,1503,621,2827
Adult,Apr 2016 to Mar 2017,North West,Age total,18 to 20,-,5491,1570,5108
Adult,Apr 2016 to Mar 2017,North West,Age total,21 to 24,-,8853,2368,8196
Adult,Apr 2016 to Mar 2017,North West,Age total,25 to 29,-,11671,3277,12139
Adult,Apr 2016 to Mar 2017,North West,Age total,30 to 34,-,9702,2918,11639
Adult,Apr 2016 to Mar 2017,North West,Age total,35 to 39,-,7583,2391,9805
Adult,Apr 2016 to Mar 2017,North West,Age total,40 to 44,-,6202,1918,7279
Adult,Apr 2016 to Mar 2017,North West,Age total,45 to 49,-,4993,1367,5466
Adult,Apr 2016 to Mar 2017,North West,Age total,50+,-,6589,1130,4046
Juvenile,Apr 2016 to Mar 2017,North West,Age total,10 to 14,-,974,427,2003
Juvenile,Apr 2016 to Mar 2017,North West,Age total,15 to 17,-,2950,1214,4708
Adult,Apr 2016 to Mar 2017,South East,Age total,18 to 20,-,5446,1515,5259
Adult,Apr 2016 to Mar 2017,South East,Age total,21 to 24,-,7769,2003,7591
Adult,Apr 2016 to Mar 2017,South East,Age total,25 to 29,-,9595,2833,12724
Adult,Apr 2016 to Mar 2017,South East,Age total,30 to 34,-,7796,2427,11438
Adult,Apr 2016 to Mar 2017,South East,Age total,35 to 39,-,6313,1984,9120
Adult,Apr 2016 to Mar 2017,South East,Age total,40 to 44,-,4736,1254,5398
Adult,Apr 2016 to Mar 2017,South East,Age total,45 to 49,-,3861,863,3362
Adult,Apr 2016 to Mar 2017,South East,Age total,50+,-,6347,968,3403
Juvenile,Apr 2016 to Mar 2017,South East,Age total,10 to 14,-,899,369,1670
Juvenile,Apr 2016 to Mar 2017,South East,Age total,15 to 17,-,2814,1133,4478
Adult,Apr 2016 to Mar 2017,South West,Age total,18 to 20,-,3226,904,3201
Adult,Apr 2016 to Mar 2017,South West,Age total,21 to 24,-,4994,1393,5273
Adult,Apr 2016 to Mar 2017,South West,Age total,25 to 29,-,5998,1742,6911
Adult,Apr 2016 to Mar 2017,South West,Age total,30 to 34,-,5022,1546,7324
Adult,Apr 2016 to Mar 2017,South West,Age total,35 to 39,-,4088,1393,6324
Adult,Apr 2016 to Mar 2017,South West,Age total,40 to 44,-,3191,958,3812
Adult,Apr 2016 to Mar 2017,South West,Age total,45 to 49,-,2699,665,2655
Adult,Apr 2016 to Mar 2017,South West,Age total,50+,-,4287,640,2196
Juvenile,Apr 2016 to Mar 2017,South West,Age total,10 to 14,-,744,272,1059
Juvenile,Apr 2016 to Mar 2017,South West,Age total,15 to 17,-,2048,713,2651
Adult,Apr 2016 to Mar 2017,West Midlands,Age total,18 to 20,-,4451,1264,4319
Adult,Apr 2016 to Mar 2017,West Midlands,Age total,21 to 24,-,6844,1884,6649
Adult,Apr 2016 to Mar 2017,West Midlands,Age total,25 to 29,-,8996,2745,11221
Adult,Apr 2016 to Mar 2017,West Midlands,Age total,30 to 34,-,7716,2588,11395
Adult,Apr 2016 to Mar 2017,West Midlands,Age total,35 to 39,-,6215,2179,9520
Adult,Apr 2016 to Mar 2017,West Midlands,Age total,40 to 44,-,4279,1261,5359
Adult,Apr 2016 to Mar 2017,West Midlands,Age total,45 to 49,-,3349,877,3427
Adult,Apr 2016 to Mar 2017,West Midlands,Age total,50+,-,4738,764,3107
Juvenile,Apr 2016 to Mar 2017,West Midlands,Age total,10 to 14,-,924,343,1159
Juvenile,Apr 2016 to Mar 2017,West Midlands,Age total,15 to 17,-,2892,1066,3218
Adult,Apr 2016 to Mar 2017,Yorkshire and The Humber,Age total,18 to 20,-,3956,1185,4147
Adult,Apr 2016 to Mar 2017,Yorkshire and The Humber,Age total,21 to 24,-,6488,1914,7279
Adult,Apr 2016 to Mar 2017,Yorkshire and The Humber,Age total,25 to 29,-,8484,2713,10986
Adult,Apr 2016 to Mar 2017,Yorkshire and The Humber,Age total,30 to 34,-,7324,2571,11894
Adult,Apr 2016 to Mar 2017,Yorkshire and The Humber,Age total,35 to 39,-,5683,2130,9730
Adult,Apr 2016 to Mar 2017,Yorkshire and The Humber,Age total,40 to 44,-,4323,1383,6091
Adult,Apr 2016 to Mar 2017,Yorkshire and The Humber,Age total,45 to 49,-,3355,930,3698
Adult,Apr 2016 to Mar 2017,Yorkshire and The Humber,Age total,50+,-,4399,672,2594
Juvenile,Apr 2016 to Mar 2017,Yorkshire and The Humber,Age total,10 to 14,-,959,417,2049
Juvenile,Apr 2016 to Mar 2017,Yorkshire and The Humber,Age total,15 to 17,-,2548,1049,4619
Adult,Apr 2017 to Mar 2018,East Midlands,Age total,18 to 20,-,2927,816,2836
Adult,Apr 2017 to Mar 2018,East Midlands,Age total,21 to 24,-,4525,1235,4453
Adult,Apr 2017 to Mar 2018,East Midlands,Age total,25 to 29,-,6002,1795,7289
Adult,Apr 2017 to Mar 2018,East Midlands,Age total,30 to 34,-,5148,1730,8309
Adult,Apr 2017 to Mar 2018,East Midlands,Age total,35 to 39,-,4333,1521,7138
Adult,Apr 2017 to Mar 2018,East Midlands,Age total,40 to 44,-,3075,1031,4575
Adult,Apr 2017 to Mar 2018,East Midlands,Age total,45 to 49,-,2321,589,2479
Adult,Apr 2017 to Mar 2018,East Midlands,Age total,50+,-,3551,504,1670
Juvenile,Apr 2017 to Mar 2018,East Midlands,Age total,10 to 14,-,544,185,817
Juvenile,Apr 2017 to Mar 2018,East Midlands,Age total,15 to 17,-,1520,576,2249
Adult,Apr 2017 to Mar 2018,East of England,Age total,18 to 20,-,3558,959,3329
Adult,Apr 2017 to Mar 2018,East of England,Age total,21 to 24,-,4999,1278,4781
Adult,Apr 2017 to Mar 2018,East of England,Age total,25 to 29,-,6562,1898,8422
Adult,Apr 2017 to Mar 2018,East of England,Age total,30 to 34,-,5581,1771,8854
Adult,Apr 2017 to Mar 2018,East of England,Age total,35 to 39,-,4545,1381,6696
Adult,Apr 2017 to Mar 2018,East of England,Age total,40 to 44,-,3417,991,4296
Adult,Apr 2017 to Mar 2018,East of England,Age total,45 to 49,-,2875,697,3263
Adult,Apr 2017 to Mar 2018,East of England,Age total,50+,-,4413,707,2490
Juvenile,Apr 2017 to Mar 2018,East of England,Age total,10 to 14,-,561,211,955
Juvenile,Apr 2017 to Mar 2018,East of England,Age total,15 to 17,-,2063,781,3019
Adult,Apr 2017 to Mar 2018,London,Age total,18 to 20,-,7235,2391,6959
Adult,Apr 2017 to Mar 2018,London,Age total,21 to 24,-,10234,2885,8195
Adult,Apr 2017 to Mar 2018,London,Age total,25 to 29,-,11705,3045,10361
Adult,Apr 2017 to Mar 2018,London,Age total,30 to 34,-,9673,2705,10184
Adult,Apr 2017 to Mar 2018,London,Age total,35 to 39,-,8125,2420,9824
Adult,Apr 2017 to Mar 2018,London,Age total,40 to 44,-,5866,1580,5641
Adult,Apr 2017 to Mar 2018,London,Age total,45 to 49,-,4592,1166,4157
Adult,Apr 2017 to Mar 2018,London,Age total,50+,-,6850,1426,5304
Juvenile,Apr 2017 to Mar 2018,London,Age total,10 to 14,-,1077,443,1594
Juvenile,Apr 2017 to Mar 2018,London,Age total,15 to 17,-,4375,1844,6425
Adult,Apr 2017 to Mar 2018,North East,Age total,18 to 20,-,1954,693,2949
Adult,Apr 2017 to Mar 2018,North East,Age total,21 to 24,-,3067,1004,4232
Adult,Apr 2017 to Mar 2018,North East,Age total,25 to 29,-,4588,1749,8550
Adult,Apr 2017 to Mar 2018,North East,Age total,30 to 34,-,4145,1608,8690
Adult,Apr 2017 to Mar 2018,North East,Age total,35 to 39,-,3593,1543,8014
Adult,Apr 2017 to Mar 2018,North East,Age total,40 to 44,-,2290,889,4828
Adult,Apr 2017 to Mar 2018,North East,Age total,45 to 49,-,1708,469,1963
Adult,Apr 2017 to Mar 2018,North East,Age total,50+,-,2347,398,1792
Juvenile,Apr 2017 to Mar 2018,North East,Age total,10 to 14,-,546,222,1071
Juvenile,Apr 2017 to Mar 2018,North East,Age total,15 to 17,-,1275,540,2388
Adult,Apr 2017 to Mar 2018,North West,Age total,18 to 20,-,4841,1324,4403
Adult,Apr 2017 to Mar 2018,North West,Age total,21 to 24,-,7373,1999,6858
Adult,Apr 2017 to Mar 2018,North West,Age total,25 to 29,-,10591,3181,12552
Adult,Apr 2017 to Mar 2018,North West,Age total,30 to 34,-,9196,2806,11680
Adult,Apr 2017 to Mar 2018,North West,Age total,35 to 39,-,7379,2351,9261
Adult,Apr 2017 to Mar 2018,North West,Age total,40 to 44,-,5718,1746,6926
Adult,Apr 2017 to Mar 2018,North West,Age total,45 to 49,-,4627,1322,4998
Adult,Apr 2017 to Mar 2018,North West,Age total,50+,-,6339,1163,3965
Juvenile,Apr 2017 to Mar 2018,North West,Age total,10 to 14,-,865,357,1586
Juvenile,Apr 2017 to Mar 2018,North West,Age total,15 to 17,-,2461,978,3868
Adult,Apr 2017 to Mar 2018,South East,Age total,18 to 20,-,5031,1330,4509
Adult,Apr 2017 to Mar 2018,South East,Age total,21 to 24,-,7049,1786,6790
Adult,Apr 2017 to Mar 2018,South East,Age total,25 to 29,-,8819,2629,10606
Adult,Apr 2017 to Mar 2018,South East,Age total,30 to 34,-,7615,2387,10818
Adult,Apr 2017 to Mar 2018,South East,Age total,35 to 39,-,6389,2043,8761
Adult,Apr 2017 to Mar 2018,South East,Age total,40 to 44,-,4615,1281,5316
Adult,Apr 2017 to Mar 2018,South East,Age total,45 to 49,-,3849,907,3483
Adult,Apr 2017 to Mar 2018,South East,Age total,50+,-,6099,985,3846
Juvenile,Apr 2017 to Mar 2018,South East,Age total,10 to 14,-,714,276,1229
Juvenile,Apr 2017 to Mar 2018,South East,Age total,15 to 17,-,2486,902,3824
Adult,Apr 2017 to Mar 2018,South West,Age total,18 to 20,-,2895,762,2620
Adult,Apr 2017 to Mar 2018,South West,Age total,21 to 24,-,4341,1115,4034
Adult,Apr 2017 to Mar 2018,South West,Age total,25 to 29,-,5587,1616,6813
Adult,Apr 2017 to Mar 2018,South West,Age total,30 to 34,-,4857,1530,6799
Adult,Apr 2017 to Mar 2018,South West,Age total,35 to 39,-,4036,1366,6106
Adult,Apr 2017 to Mar 2018,South West,Age total,40 to 44,-,3091,868,3730
Adult,Apr 2017 to Mar 2018,South West,Age total,45 to 49,-,2644,615,2236
Adult,Apr 2017 to Mar 2018,South West,Age total,50+,-,4087,601,2325
Juvenile,Apr 2017 to Mar 2018,South West,Age total,10 to 14,-,651,229,1063
Juvenile,Apr 2017 to Mar 2018,South West,Age total,15 to 17,-,1748,606,2476
Adult,Apr 2017 to Mar 2018,West Midlands,Age total,18 to 20,-,3791,1001,3331
Adult,Apr 2017 to Mar 2018,West Midlands,Age total,21 to 24,-,5953,1539,5730
Adult,Apr 2017 to Mar 2018,West Midlands,Age total,25 to 29,-,8046,2355,9254
Adult,Apr 2017 to Mar 2018,West Midlands,Age total,30 to 34,-,7105,2301,10625
Adult,Apr 2017 to Mar 2018,West Midlands,Age total,35 to 39,-,5750,1994,9200
Adult,Apr 2017 to Mar 2018,West Midlands,Age total,40 to 44,-,3836,1140,4303
Adult,Apr 2017 to Mar 2018,West Midlands,Age total,45 to 49,-,3055,743,2920
Adult,Apr 2017 to Mar 2018,West Midlands,Age total,50+,-,4341,722,2845
Juvenile,Apr 2017 to Mar 2018,West Midlands,Age total,10 to 14,-,819,248,939
Juvenile,Apr 2017 to Mar 2018,West Midlands,Age total,15 to 17,-,2382,799,2760
Adult,Apr 2017 to Mar 2018,Yorkshire and The Humber,Age total,18 to 20,-,3412,995,3666
Adult,Apr 2017 to Mar 2018,Yorkshire and The Humber,Age total,21 to 24,-,5579,1653,6012
Adult,Apr 2017 to Mar 2018,Yorkshire and The Humber,Age total,25 to 29,-,7425,2247,9545
Adult,Apr 2017 to Mar 2018,Yorkshire and The Humber,Age total,30 to 34,-,6691,2244,10260
Adult,Apr 2017 to Mar 2018,Yorkshire and The Humber,Age total,35 to 39,-,5660,2130,9741
Adult,Apr 2017 to Mar 2018,Yorkshire and The Humber,Age total,40 to 44,-,3844,1281,5532
Adult,Apr 2017 to Mar 2018,Yorkshire and The Humber,Age total,45 to 49,-,3071,792,3311
Adult,Apr 2017 to Mar 2018,Yorkshire and The Humber,Age total,50+,-,4015,652,2280
Juvenile,Apr 2017 to Mar 2018,Yorkshire and The Humber,Age total,10 to 14,-,762,292,1397
Juvenile,Apr 2017 to Mar 2018,Yorkshire and The Humber,Age total,15 to 17,-,2143,826,4191
Adult,Apr 2018 to Mar 2019,East Midlands,Age total,18 to 20,-,2771,697,2438
Adult,Apr 2018 to Mar 2019,East Midlands,Age total,21 to 24,-,4264,1118,3968
Adult,Apr 2018 to Mar 2019,East Midlands,Age total,25 to 29,-,5726,1671,6947
Adult,Apr 2018 to Mar 2019,East Midlands,Age total,30 to 34,-,5370,1763,8265
Adult,Apr 2018 to Mar 2019,East Midlands,Age total,35 to 39,-,4367,1524,6990
Adult,Apr 2018 to Mar 2019,East Midlands,Age total,40 to 44,-,3096,1011,4481
Adult,Apr 2018 to Mar 2019,East Midlands,Age total,45 to 49,-,2359,599,2482
Adult,Apr 2018 to Mar 2019,East Midlands,Age total,50+,-,3365,485,1843
Juvenile,Apr 2018 to Mar 2019,East Midlands,Age total,10 to 14,-,474,162,646
Juvenile,Apr 2018 to Mar 2019,East Midlands,Age total,15 to 17,-,1255,424,1490
Adult,Apr 2018 to Mar 2019,East of England,Age total,18 to 20,-,3252,839,3217
Adult,Apr 2018 to Mar 2019,East of England,Age total,21 to 24,-,4595,1189,4552
Adult,Apr 2018 to Mar 2019,East of England,Age total,25 to 29,-,6002,1754,7816
Adult,Apr 2018 to Mar 2019,East of England,Age total,30 to 34,-,5532,1740,8524
Adult,Apr 2018 to Mar 2019,East of England,Age total,35 to 39,-,4452,1387,6500
Adult,Apr 2018 to Mar 2019,East of England,Age total,40 to 44,-,3248,907,4407
Adult,Apr 2018 to Mar 2019,East of England,Age total,45 to 49,-,2717,691,3030
Adult,Apr 2018 to Mar 2019,East of England,Age total,50+,-,4210,672,2700
Juvenile,Apr 2018 to Mar 2019,East of England,Age total,10 to 14,-,448,176,852
Juvenile,Apr 2018 to Mar 2019,East of England,Age total,15 to 17,-,1676,651,2454
Adult,Apr 2018 to Mar 2019,London,Age total,18 to 20,-,6045,1870,5359
Adult,Apr 2018 to Mar 2019,London,Age total,21 to 24,-,8704,2291,6746
Adult,Apr 2018 to Mar 2019,London,Age total,25 to 29,-,10271,2556,8044
Adult,Apr 2018 to Mar 2019,London,Age total,30 to 34,-,8551,2253,8544
Adult,Apr 2018 to Mar 2019,London,Age total,35 to 39,-,7117,2078,8186
Adult,Apr 2018 to Mar 2019,London,Age total,40 to 44,-,4894,1368,5202
Adult,Apr 2018 to Mar 2019,London,Age total,45 to 49,-,3761,1001,3582
Adult,Apr 2018 to Mar 2019,London,Age total,50+,-,5748,1145,3789
Juvenile,Apr 2018 to Mar 2019,London,Age total,10 to 14,-,802,308,1257
Juvenile,Apr 2018 to Mar 2019,London,Age total,15 to 17,-,3337,1376,4822
Adult,Apr 2018 to Mar 2019,North East,Age total,18 to 20,-,1836,588,2478
Adult,Apr 2018 to Mar 2019,North East,Age total,21 to 24,-,2884,823,3336
Adult,Apr 2018 to Mar 2019,North East,Age total,25 to 29,-,4274,1433,6509
Adult,Apr 2018 to Mar 2019,North East,Age total,30 to 34,-,4132,1506,7280
Adult,Apr 2018 to Mar 2019,North East,Age total,35 to 39,-,3496,1356,6784
Adult,Apr 2018 to Mar 2019,North East,Age total,40 to 44,-,2318,847,3947
Adult,Apr 2018 to Mar 2019,North East,Age total,45 to 49,-,1675,518,2213
Adult,Apr 2018 to Mar 2019,North East,Age total,50+,-,2349,380,1365
Juvenile,Apr 2018 to Mar 2019,North East,Age total,10 to 14,-,428,163,633
Juvenile,Apr 2018 to Mar 2019,North East,Age total,15 to 17,-,1115,418,1637
Adult,Apr 2018 to Mar 2019,North West,Age total,18 to 20,-,4400,1160,3619
Adult,Apr 2018 to Mar 2019,North West,Age total,21 to 24,-,7016,1790,6140
Adult,Apr 2018 to Mar 2019,North West,Age total,25 to 29,-,10159,2848,10175
Adult,Apr 2018 to Mar 2019,North West,Age total,30 to 34,-,9487,2840,11428
Adult,Apr 2018 to Mar 2019,North West,Age total,35 to 39,-,7442,2317,9226
Adult,Apr 2018 to Mar 2019,North West,Age total,40 to 44,-,5519,1639,6566
Adult,Apr 2018 to Mar 2019,North West,Age total,45 to 49,-,4505,1256,4526
Adult,Apr 2018 to Mar 2019,North West,Age total,50+,-,6373,1080,3796
Juvenile,Apr 2018 to Mar 2019,North West,Age total,10 to 14,-,715,285,1406
Juvenile,Apr 2018 to Mar 2019,North West,Age total,15 to 17,-,2431,864,3228
Adult,Apr 2018 to Mar 2019,South East,Age total,18 to 20,-,4705,1081,3783
Adult,Apr 2018 to Mar 2019,South East,Age total,21 to 24,-,6440,1449,5365
Adult,Apr 2018 to Mar 2019,South East,Age total,25 to 29,-,8306,2162,9121
Adult,Apr 2018 to Mar 2019,South East,Age total,30 to 34,-,7346,2068,9082
Adult,Apr 2018 to Mar 2019,South East,Age total,35 to 39,-,6197,1797,8122
Adult,Apr 2018 to Mar 2019,South East,Age total,40 to 44,-,4261,1050,4355
Adult,Apr 2018 to Mar 2019,South East,Age total,45 to 49,-,3469,762,2728
Adult,Apr 2018 to Mar 2019,South East,Age total,50+,-,5703,838,3331
Juvenile,Apr 2018 to Mar 2019,South East,Age total,10 to 14,-,550,212,881
Juvenile,Apr 2018 to Mar 2019,South East,Age total,15 to 17,-,2059,788,2785
Adult,Apr 2018 to Mar 2019,South West,Age total,18 to 20,-,2546,636,2149
Adult,Apr 2018 to Mar 2019,South West,Age total,21 to 24,-,3863,1019,3450
Adult,Apr 2018 to Mar 2019,South West,Age total,25 to 29,-,5396,1524,5959
Adult,Apr 2018 to Mar 2019,South West,Age total,30 to 34,-,4777,1431,6322
Adult,Apr 2018 to Mar 2019,South West,Age total,35 to 39,-,4019,1262,5659
Adult,Apr 2018 to Mar 2019,South West,Age total,40 to 44,-,2924,880,3711
Adult,Apr 2018 to Mar 2019,South West,Age total,45 to 49,-,2432,565,2158
Adult,Apr 2018 to Mar 2019,South West,Age total,50+,-,4037,604,2076
Juvenile,Apr 2018 to Mar 2019,South West,Age total,10 to 14,-,487,184,684
Juvenile,Apr 2018 to Mar 2019,South West,Age total,15 to 17,-,1576,604,2378
Adult,Apr 2018 to Mar 2019,West Midlands,Age total,18 to 20,-,3228,815,2655
Adult,Apr 2018 to Mar 2019,West Midlands,Age total,21 to 24,-,5092,1292,4561
Adult,Apr 2018 to Mar 2019,West Midlands,Age total,25 to 29,-,7051,1972,7503
Adult,Apr 2018 to Mar 2019,West Midlands,Age total,30 to 34,-,6306,2012,9044
Adult,Apr 2018 to Mar 2019,West Midlands,Age total,35 to 39,-,5463,1831,8509
Adult,Apr 2018 to Mar 2019,West Midlands,Age total,40 to 44,-,3607,1088,4341
Adult,Apr 2018 to Mar 2019,West Midlands,Age total,45 to 49,-,2754,683,2662
Adult,Apr 2018 to Mar 2019,West Midlands,Age total,50+,-,3986,621,2319
Juvenile,Apr 2018 to Mar 2019,West Midlands,Age total,10 to 14,-,602,184,599
Juvenile,Apr 2018 to Mar 2019,West Midlands,Age total,15 to 17,-,2038,666,2485
Adult,Apr 2018 to Mar 2019,Yorkshire and The Humber,Age total,18 to 20,-,2921,791,3016
Adult,Apr 2018 to Mar 2019,Yorkshire and The Humber,Age total,21 to 24,-,5045,1404,5247
Adult,Apr 2018 to Mar 2019,Yorkshire and The Humber,Age total,25 to 29,-,7025,2086,8592
Adult,Apr 2018 to Mar 2019,Yorkshire and The Humber,Age total,30 to 34,-,6529,2130,9337
Adult,Apr 2018 to Mar 2019,Yorkshire and The Humber,Age total,35 to 39,-,5578,1976,9375
Adult,Apr 2018 to Mar 2019,Yorkshire and The Humber,Age total,40 to 44,-,3814,1217,5561
Adult,Apr 2018 to Mar 2019,Yorkshire and The Humber,Age total,45 to 49,-,2882,802,3348
Adult,Apr 2018 to Mar 2019,Yorkshire and The Humber,Age total,50+,-,3970,639,2431
Juvenile,Apr 2018 to Mar 2019,Yorkshire and The Humber,Age total,10 to 14,-,555,203,1225
Juvenile,Apr 2018 to Mar 2019,Yorkshire and The Humber,Age total,15 to 17,-,1791,714,3187
Adult,Apr 2019 to Mar 2020,East Midlands,Age total,18 to 20,-,2415,529,1659
Adult,Apr 2019 to Mar 2020,East Midlands,Age total,21 to 24,-,3836,944,3330
Adult,Apr 2019 to Mar 2020,East Midlands,Age total,25 to 29,-,5295,1421,5475
Adult,Apr 2019 to Mar 2020,East Midlands,Age total,30 to 34,-,4973,1484,6264
Adult,Apr 2019 to Mar 2020,East Midlands,Age total,35 to 39,-,4136,1284,5583
Adult,Apr 2019 to Mar 2020,East Midlands,Age total,40 to 44,-,3009,880,3300
Adult,Apr 2019 to Mar 2020,East Midlands,Age total,45 to 49,-,2179,471,1826
Adult,Apr 2019 to Mar 2020,East Midlands,Age total,50+,-,3347,443,1515
Juvenile,Apr 2019 to Mar 2020,East Midlands,Age total,10 to 14,-,328,74,261
Juvenile,Apr 2019 to Mar 2020,East Midlands,Age total,15 to 17,-,1117,371,1377
Adult,Apr 2019 to Mar 2020,East of England,Age total,18 to 20,-,2931,660,2169
Adult,Apr 2019 to Mar 2020,East of England,Age total,21 to 24,-,4172,922,3427
Adult,Apr 2019 to Mar 2020,East of England,Age total,25 to 29,-,5684,1489,6593
Adult,Apr 2019 to Mar 2020,East of England,Age total,30 to 34,-,5477,1568,6973
Adult,Apr 2019 to Mar 2020,East of England,Age total,35 to 39,-,4398,1224,5389
Adult,Apr 2019 to Mar 2020,East of England,Age total,40 to 44,-,3294,900,4132
Adult,Apr 2019 to Mar 2020,East of England,Age total,45 to 49,-,2543,560,2102
Adult,Apr 2019 to Mar 2020,East of England,Age total,50+,-,4112,589,2148
Juvenile,Apr 2019 to Mar 2020,East of England,Age total,10 to 14,-,413,156,788
Juvenile,Apr 2019 to Mar 2020,East of England,Age total,15 to 17,-,1518,532,2015
Adult,Apr 2019 to Mar 2020,London,Age total,18 to 20,-,5304,1539,4115
Adult,Apr 2019 to Mar 2020,London,Age total,21 to 24,-,8170,2076,5855
Adult,Apr 2019 to Mar 2020,London,Age total,25 to 29,-,9311,2221,6967
Adult,Apr 2019 to Mar 2020,London,Age total,30 to 34,-,8014,2088,7216
Adult,Apr 2019 to Mar 2020,London,Age total,35 to 39,-,6667,1908,6938
Adult,Apr 2019 to Mar 2020,London,Age total,40 to 44,-,4671,1270,4441
Adult,Apr 2019 to Mar 2020,London,Age total,45 to 49,-,3534,910,3039
Adult,Apr 2019 to Mar 2020,London,Age total,50+,-,5400,983,3194
Juvenile,Apr 2019 to Mar 2020,London,Age total,10 to 14,-,753,274,907
Juvenile,Apr 2019 to Mar 2020,London,Age total,15 to 17,-,3269,1300,3977
Adult,Apr 2019 to Mar 2020,North East,Age total,18 to 20,-,1490,419,1720
Adult,Apr 2019 to Mar 2020,North East,Age total,21 to 24,-,2388,696,2909
Adult,Apr 2019 to Mar 2020,North East,Age total,25 to 29,-,3583,1117,4341
Adult,Apr 2019 to Mar 2020,North East,Age total,30 to 34,-,3880,1336,5649
Adult,Apr 2019 to Mar 2020,North East,Age total,35 to 39,-,3194,1078,4591
Adult,Apr 2019 to Mar 2020,North East,Age total,40 to 44,-,2193,735,3012
Adult,Apr 2019 to Mar 2020,North East,Age total,45 to 49,-,1488,390,1457
Adult,Apr 2019 to Mar 2020,North East,Age total,50+,-,2090,308,964
Juvenile,Apr 2019 to Mar 2020,North East,Age total,10 to 14,-,337,83,324
Juvenile,Apr 2019 to Mar 2020,North East,Age total,15 to 17,-,823,267,1154
Adult,Apr 2019 to Mar 2020,North West,Age total,18 to 20,-,3986,873,2637
Adult,Apr 2019 to Mar 2020,North West,Age total,21 to 24,-,6287,1459,4718
Adult,Apr 2019 to Mar 2020,North West,Age total,25 to 29,-,9039,2243,7793
Adult,Apr 2019 to Mar 2020,North West,Age total,30 to 34,-,9069,2473,9354
Adult,Apr 2019 to Mar 2020,North West,Age total,35 to 39,-,7240,1976,7460
Adult,Apr 2019 to Mar 2020,North West,Age total,40 to 44,-,5141,1445,5199
Adult,Apr 2019 to Mar 2020,North West,Age total,45 to 49,-,4157,1011,3540
Adult,Apr 2019 to Mar 2020,North West,Age total,50+,-,5880,951,2912
Juvenile,Apr 2019 to Mar 2020,North West,Age total,10 to 14,-,497,170,711
Juvenile,Apr 2019 to Mar 2020,North West,Age total,15 to 17,-,1937,634,2210
Adult,Apr 2019 to Mar 2020,South East,Age total,18 to 20,-,4402,882,2795
Adult,Apr 2019 to Mar 2020,South East,Age total,21 to 24,-,5889,1197,4190
Adult,Apr 2019 to Mar 2020,South East,Age total,25 to 29,-,7726,1791,7426
Adult,Apr 2019 to Mar 2020,South East,Age total,30 to 34,-,7280,1822,7478
Adult,Apr 2019 to Mar 2020,South East,Age total,35 to 39,-,6012,1556,6549
Adult,Apr 2019 to Mar 2020,South East,Age total,40 to 44,-,4096,930,3765
Adult,Apr 2019 to Mar 2020,South East,Age total,45 to 49,-,3204,632,2152
Adult,Apr 2019 to Mar 2020,South East,Age total,50+,-,5443,713,2569
Juvenile,Apr 2019 to Mar 2020,South East,Age total,10 to 14,-,598,200,866
Juvenile,Apr 2019 to Mar 2020,South East,Age total,15 to 17,-,2019,654,2186
Adult,Apr 2019 to Mar 2020,South West,Age total,18 to 20,-,2556,601,2003
Adult,Apr 2019 to Mar 2020,South West,Age total,21 to 24,-,3724,834,2650
Adult,Apr 2019 to Mar 2020,South West,Age total,25 to 29,-,5159,1286,4904
Adult,Apr 2019 to Mar 2020,South West,Age total,30 to 34,-,4925,1349,5625
Adult,Apr 2019 to Mar 2020,South West,Age total,35 to 39,-,3982,1097,4455
Adult,Apr 2019 to Mar 2020,South West,Age total,40 to 44,-,3047,777,2908
Adult,Apr 2019 to Mar 2020,South West,Age total,45 to 49,-,2386,508,1852
Adult,Apr 2019 to Mar 2020,South West,Age total,50+,-,4067,566,1811
Juvenile,Apr 2019 to Mar 2020,South West,Age total,10 to 14,-,392,136,543
Juvenile,Apr 2019 to Mar 2020,South West,Age total,15 to 17,-,1392,467,1808
Adult,Apr 2019 to Mar 2020,West Midlands,Age total,18 to 20,-,3032,679,1938
Adult,Apr 2019 to Mar 2020,West Midlands,Age total,21 to 24,-,4515,982,3235
Adult,Apr 2019 to Mar 2020,West Midlands,Age total,25 to 29,-,6279,1578,5627
Adult,Apr 2019 to Mar 2020,West Midlands,Age total,30 to 34,-,6041,1690,6971
Adult,Apr 2019 to Mar 2020,West Midlands,Age total,35 to 39,-,5096,1505,6112
Adult,Apr 2019 to Mar 2020,West Midlands,Age total,40 to 44,-,3487,918,3597
Adult,Apr 2019 to Mar 2020,West Midlands,Age total,45 to 49,-,2602,556,2222
Adult,Apr 2019 to Mar 2020,West Midlands,Age total,50+,-,3897,558,2001
Juvenile,Apr 2019 to Mar 2020,West Midlands,Age total,10 to 14,-,497,120,469
Juvenile,Apr 2019 to Mar 2020,West Midlands,Age total,15 to 17,-,1643,494,1820
Adult,Apr 2019 to Mar 2020,Yorkshire and The Humber,Age total,18 to 20,-,2862,724,2645
Adult,Apr 2019 to Mar 2020,Yorkshire and The Humber,Age total,21 to 24,-,4527,1128,4041
Adult,Apr 2019 to Mar 2020,Yorkshire and The Humber,Age total,25 to 29,-,6601,1829,6856
Adult,Apr 2019 to Mar 2020,Yorkshire and The Humber,Age total,30 to 34,-,6499,2005,9109
Adult,Apr 2019 to Mar 2020,Yorkshire and The Humber,Age total,35 to 39,-,5405,1781,7823
Adult,Apr 2019 to Mar 2020,Yorkshire and The Humber,Age total,40 to 44,-,3754,1201,4894
Adult,Apr 2019 to Mar 2020,Yorkshire and The Humber,Age total,45 to 49,-,2784,741,2871
Adult,Apr 2019 to Mar 2020,Yorkshire and The Humber,Age total,50+,-,3869,615,2105
Juvenile,Apr 2019 to Mar 2020,Yorkshire and The Humber,Age total,10 to 14,-,542,196,687
Juvenile,Apr 2019 to Mar 2020,Yorkshire and The Humber,Age total,15 to 17,-,1549,532,2120